-- phpMyAdmin SQL Dump
-- version 5.1.1
-- https://www.phpmyadmin.net/
--
-- Host: 127.0.0.1:3306
-- Generation Time: Mar 04, 2023 at 11:59 PM
-- Server version: 8.0.27
-- PHP Version: 8.1.0

SET SQL_MODE = "NO_AUTO_VALUE_ON_ZERO";
START TRANSACTION;
SET time_zone = "+00:00";


/*!40101 SET @OLD_CHARACTER_SET_CLIENT=@@CHARACTER_SET_CLIENT */;
/*!40101 SET @OLD_CHARACTER_SET_RESULTS=@@CHARACTER_SET_RESULTS */;
/*!40101 SET @OLD_COLLATION_CONNECTION=@@COLLATION_CONNECTION */;
/*!40101 SET NAMES utf8mb4 */;

--
-- Database: `mosbat`
--

-- --------------------------------------------------------

--
-- Table structure for table `categories`
--

DROP TABLE IF EXISTS `categories`;
CREATE TABLE IF NOT EXISTS `categories` (
  `id` bigint UNSIGNED NOT NULL AUTO_INCREMENT,
  `name` varchar(125) COLLATE utf8mb4_unicode_ci NOT NULL,
  `parent_id` int NOT NULL DEFAULT '0',
  `deleted_at` timestamp NULL DEFAULT NULL,
  `created_at` timestamp NULL DEFAULT NULL,
  `updated_at` timestamp NULL DEFAULT NULL,
  PRIMARY KEY (`id`),
  UNIQUE KEY `categories_name_unique` (`name`)
) ENGINE=MyISAM AUTO_INCREMENT=351 DEFAULT CHARSET=utf8mb4 COLLATE=utf8mb4_unicode_ci;

--
-- Dumping data for table `categories`
--

INSERT INTO `categories` (`id`, `name`, `parent_id`, `deleted_at`, `created_at`, `updated_at`) VALUES
(1, 'Ms. Cordie Rolfson II', 5, NULL, '2023-03-02 16:16:23', '2023-03-02 16:16:23'),
(2, 'Leilani D\'Amore', 0, NULL, '2023-03-02 16:16:23', '2023-03-02 16:16:23'),
(3, 'Blaise Hauck PhD', 0, NULL, '2023-03-02 16:16:23', '2023-03-02 16:16:23'),
(4, 'Mr. Chadd Kshlerin II', 1, NULL, '2023-03-02 16:16:23', '2023-03-02 16:16:23'),
(5, 'Gaylord Murray', 4, NULL, '2023-03-02 16:16:23', '2023-03-03 04:20:37'),
(6, 'Prof. Hattie Koelpin', 2, NULL, '2023-03-02 16:16:23', '2023-03-03 04:21:19'),
(7, 'Charlie Flatley', 1, NULL, '2023-03-02 16:16:23', '2023-03-03 12:00:45'),
(8, 'Brianne Strosin II', 1, NULL, '2023-03-02 16:16:23', '2023-03-02 16:16:23'),
(9, 'Sheridan Blanda', 3, NULL, '2023-03-02 16:16:23', '2023-03-02 16:16:23'),
(10, 'Allison Moen', 5, NULL, '2023-03-02 16:16:23', '2023-03-02 16:16:23'),
(11, 'Prof. Julius D\'Amore', 0, NULL, '2023-03-02 16:16:23', '2023-03-02 16:16:23'),
(12, 'Miss Catalina Ernser DVM', 5, NULL, '2023-03-02 16:16:23', '2023-03-02 16:16:23'),
(13, 'Eugenia Cummerata', 1, NULL, '2023-03-02 16:16:23', '2023-03-02 16:16:23'),
(14, 'Prof. Elmer Harber', 5, NULL, '2023-03-02 16:16:23', '2023-03-02 16:16:23'),
(15, 'Lee Gutkowski', 2, NULL, '2023-03-02 16:16:23', '2023-03-02 16:16:23'),
(16, 'Miss Emelia Brown PhD', 4, NULL, '2023-03-02 16:43:24', '2023-03-02 16:43:24'),
(17, 'Nella Larson', 0, NULL, '2023-03-02 16:43:24', '2023-03-02 16:43:24'),
(18, 'testUnit10', 12, NULL, '2023-03-02 16:43:24', '2023-03-04 20:17:12'),
(19, 'Miss Gwen Green', 3, NULL, '2023-03-02 16:43:24', '2023-03-04 20:26:58'),
(20, 'Carlotta Huel', 4, NULL, '2023-03-02 16:43:24', '2023-03-02 16:43:24'),
(21, 'Arden Stracke', 1, NULL, '2023-03-02 16:43:24', '2023-03-02 16:43:24'),
(22, 'Mr. Nicola Robel MD', 1, NULL, '2023-03-02 16:43:24', '2023-03-02 16:43:24'),
(23, 'Dr. Felix Berge', 4, NULL, '2023-03-02 16:43:24', '2023-03-02 16:43:24'),
(24, 'Adaline Grady', 3, NULL, '2023-03-02 16:43:24', '2023-03-02 16:43:24'),
(25, 'Mr. Brent Feest I', 2, NULL, '2023-03-02 16:43:24', '2023-03-02 16:43:24'),
(26, 'Jovani Abshire', 2, NULL, '2023-03-02 16:43:24', '2023-03-02 16:43:24'),
(27, 'Faye Trantow', 0, NULL, '2023-03-02 16:43:24', '2023-03-02 16:43:24'),
(28, 'Ole Hegmann', 0, NULL, '2023-03-02 16:43:24', '2023-03-02 16:43:24'),
(29, 'Reina Ruecker', 0, NULL, '2023-03-02 16:43:24', '2023-03-02 16:43:24'),
(30, 'Ms. Myrtice Aufderhar', 5, NULL, '2023-03-02 16:43:24', '2023-03-02 16:43:24'),
(31, 'Georgette Feest', 2, NULL, '2023-03-02 16:43:55', '2023-03-02 16:43:55'),
(32, 'Giovanna Kris', 0, NULL, '2023-03-02 16:43:55', '2023-03-02 16:43:55'),
(33, 'Deshaun Schuster', 0, NULL, '2023-03-02 16:43:55', '2023-03-02 16:43:55'),
(34, 'Ned Windler', 5, NULL, '2023-03-02 16:43:55', '2023-03-02 16:43:55'),
(35, 'Alessandro DuBuque', 2, NULL, '2023-03-02 16:43:55', '2023-03-02 16:43:55'),
(36, 'Dereck Kirlin', 2, NULL, '2023-03-02 16:43:55', '2023-03-02 16:43:55'),
(37, 'Bernice Hilpert', 0, NULL, '2023-03-02 16:43:55', '2023-03-02 16:43:55'),
(38, 'Mariela Lowe', 2, NULL, '2023-03-02 16:43:55', '2023-03-02 16:43:55'),
(39, 'Mr. Camden Waelchi', 5, NULL, '2023-03-02 16:43:55', '2023-03-02 16:43:55'),
(40, 'Verdie Hyatt', 1, NULL, '2023-03-02 16:43:55', '2023-03-02 16:43:55'),
(41, 'Prof. Avis Weimann', 1, NULL, '2023-03-02 16:43:55', '2023-03-02 16:43:55'),
(42, 'Mrs. Margaret Pagac', 3, NULL, '2023-03-02 16:43:55', '2023-03-02 16:43:55'),
(43, 'Vergie McClure', 2, NULL, '2023-03-02 16:43:55', '2023-03-02 16:43:55'),
(44, 'Eduardo Aufderhar', 3, NULL, '2023-03-02 16:43:55', '2023-03-02 16:43:55'),
(45, 'Montana Kassulke', 3, NULL, '2023-03-02 16:43:55', '2023-03-02 16:43:55'),
(46, 'Dulce Muller', 2, NULL, '2023-03-02 16:47:22', '2023-03-02 16:47:22'),
(47, 'Dr. Leopold Spinka DVM', 0, NULL, '2023-03-02 16:47:22', '2023-03-02 16:47:22'),
(48, 'Juliana Hirthe', 2, NULL, '2023-03-02 16:47:22', '2023-03-02 16:47:22'),
(49, 'Nia Mayer', 0, NULL, '2023-03-02 16:47:22', '2023-03-02 16:47:22'),
(50, 'Prof. Berta Ankunding', 3, NULL, '2023-03-02 16:47:22', '2023-03-02 16:47:22'),
(51, 'Kaela Lehner', 1, NULL, '2023-03-02 16:47:22', '2023-03-02 16:47:22'),
(52, 'Robyn Keebler', 0, NULL, '2023-03-02 16:47:22', '2023-03-02 16:47:22'),
(53, 'Dr. Rubie Durgan', 2, NULL, '2023-03-02 16:47:22', '2023-03-02 16:47:22'),
(54, 'Dr. Anabelle Macejkovic Sr.', 0, NULL, '2023-03-02 16:47:22', '2023-03-02 16:47:22'),
(55, 'Dr. Jovanny Rolfson', 2, NULL, '2023-03-02 16:47:22', '2023-03-02 16:47:22'),
(56, 'Justus Mohr', 2, NULL, '2023-03-02 16:47:22', '2023-03-02 16:47:22'),
(57, 'Pattie Weimann', 3, NULL, '2023-03-02 16:47:22', '2023-03-02 16:47:22'),
(58, 'Norma Reynolds I', 0, NULL, '2023-03-02 16:47:22', '2023-03-02 16:47:22'),
(59, 'Edmond Kub V', 2, NULL, '2023-03-02 16:47:22', '2023-03-02 16:47:22'),
(60, 'Doug Brekke', 4, NULL, '2023-03-02 16:47:22', '2023-03-02 16:47:22'),
(61, 'Gabriella O\'Keefe', 4, NULL, '2023-03-02 16:48:39', '2023-03-02 16:48:39'),
(62, 'Aylin Koss', 1, NULL, '2023-03-02 16:48:39', '2023-03-02 16:48:39'),
(63, 'Ms. Lysanne Bogan', 0, NULL, '2023-03-02 16:48:39', '2023-03-02 16:48:39'),
(64, 'Talia Mertz', 1, NULL, '2023-03-02 16:48:39', '2023-03-02 16:48:39'),
(65, 'Hans Skiles II', 1, NULL, '2023-03-02 16:48:39', '2023-03-02 16:48:39'),
(66, 'Keenan Stokes', 4, NULL, '2023-03-02 16:48:39', '2023-03-02 16:48:39'),
(67, 'Mrs. Crystel Emard I', 1, NULL, '2023-03-02 16:48:39', '2023-03-02 16:48:39'),
(68, 'Isadore Denesik', 3, NULL, '2023-03-02 16:48:39', '2023-03-02 16:48:39'),
(69, 'Karl Paucek', 1, NULL, '2023-03-02 16:48:39', '2023-03-02 16:48:39'),
(70, 'Phoebe Schaden IV', 1, NULL, '2023-03-02 16:48:39', '2023-03-02 16:48:39'),
(71, 'Haylie Schamberger', 0, NULL, '2023-03-02 16:48:39', '2023-03-02 16:48:39'),
(72, 'Kaya Deckow IV', 4, NULL, '2023-03-02 16:48:39', '2023-03-02 16:48:39'),
(73, 'Twila Friesen', 0, NULL, '2023-03-02 16:48:39', '2023-03-02 16:48:39'),
(74, 'Agnes Bauch V', 2, NULL, '2023-03-02 16:48:39', '2023-03-02 16:48:39'),
(75, 'Ms. Hillary Kautzer', 3, NULL, '2023-03-02 16:48:39', '2023-03-02 16:48:39'),
(76, 'Cathy Turcotte', 1, NULL, '2023-03-02 16:49:31', '2023-03-02 16:49:31'),
(77, 'Arnulfo Howell Sr.', 3, NULL, '2023-03-02 16:49:31', '2023-03-02 16:49:31'),
(78, 'Graham Nienow II', 2, NULL, '2023-03-02 16:49:31', '2023-03-02 16:49:31'),
(79, 'Queenie Towne', 3, NULL, '2023-03-02 16:49:31', '2023-03-02 16:49:31'),
(80, 'Mrs. Era Stracke I', 5, NULL, '2023-03-02 16:49:31', '2023-03-02 16:49:31'),
(81, 'Prof. Geovany Rau', 3, NULL, '2023-03-02 16:49:31', '2023-03-02 16:49:31'),
(82, 'Roel Heller', 0, NULL, '2023-03-02 16:49:31', '2023-03-02 16:49:31'),
(83, 'Gillian Kutch', 2, NULL, '2023-03-02 16:49:31', '2023-03-02 16:49:31'),
(84, 'Breanne Metz', 4, NULL, '2023-03-02 16:49:31', '2023-03-02 16:49:31'),
(85, 'Tierra Beahan', 0, NULL, '2023-03-02 16:49:31', '2023-03-02 16:49:31'),
(86, 'Chyna Mitchell', 2, NULL, '2023-03-02 16:49:31', '2023-03-02 16:49:31'),
(87, 'Sheridan Blick', 5, NULL, '2023-03-02 16:49:31', '2023-03-02 16:49:31'),
(88, 'Mrs. Kenya Gulgowski', 0, NULL, '2023-03-02 16:49:31', '2023-03-02 16:49:31'),
(89, 'Willa Hessel', 5, NULL, '2023-03-02 16:49:31', '2023-03-02 16:49:31'),
(90, 'Barton Smitham', 5, NULL, '2023-03-02 16:49:31', '2023-03-02 16:49:31'),
(91, 'Mr. Clint Rice', 0, NULL, '2023-03-02 16:50:05', '2023-03-02 16:50:05'),
(92, 'Eunice Ondricka', 0, NULL, '2023-03-02 16:50:05', '2023-03-02 16:50:05'),
(93, 'Dr. Keon Reichel DVM', 2, NULL, '2023-03-02 16:50:05', '2023-03-02 16:50:05'),
(94, 'Dr. Shayna Prohaska', 1, NULL, '2023-03-02 16:50:05', '2023-03-02 16:50:05'),
(95, 'Franco Runolfsson Sr.', 4, NULL, '2023-03-02 16:50:05', '2023-03-02 16:50:05'),
(96, 'Elton Kutch', 1, NULL, '2023-03-02 16:50:05', '2023-03-02 16:50:05'),
(97, 'Camilla Cummerata III', 0, NULL, '2023-03-02 16:50:05', '2023-03-02 16:50:05'),
(98, 'Prof. Kassandra Torp', 5, NULL, '2023-03-02 16:50:05', '2023-03-02 16:50:05'),
(99, 'Dr. Carolina Swift I', 4, NULL, '2023-03-02 16:50:05', '2023-03-02 16:50:05'),
(100, 'Kane Hills', 3, NULL, '2023-03-02 16:50:05', '2023-03-02 16:50:05'),
(101, 'Prof. Willow Koelpin', 0, NULL, '2023-03-02 16:50:05', '2023-03-02 16:50:05'),
(102, 'Maverick Grant I', 5, NULL, '2023-03-02 16:50:05', '2023-03-02 16:50:05'),
(103, 'Prof. Ila Kuvalis', 4, NULL, '2023-03-02 16:50:05', '2023-03-02 16:50:05'),
(104, 'Fausto Welch', 3, NULL, '2023-03-02 16:50:05', '2023-03-02 16:50:05'),
(105, 'Prof. Arnoldo Smitham', 4, NULL, '2023-03-02 16:50:05', '2023-03-02 16:50:05'),
(106, 'Lily Thompson', 0, NULL, '2023-03-02 16:50:29', '2023-03-02 16:50:29'),
(107, 'Miss Tara Fisher Jr.', 1, NULL, '2023-03-02 16:50:29', '2023-03-02 16:50:29'),
(108, 'Makenzie Cummings', 2, NULL, '2023-03-02 16:50:29', '2023-03-02 16:50:29'),
(109, 'Miss Cordie Morissette', 3, NULL, '2023-03-02 16:50:29', '2023-03-02 16:50:29'),
(110, 'Adrian Schoen', 4, NULL, '2023-03-02 16:50:29', '2023-03-02 16:50:29'),
(111, 'Hunter Langworth', 3, NULL, '2023-03-02 16:50:29', '2023-03-02 16:50:29'),
(112, 'Prof. Brooklyn Connelly II', 5, NULL, '2023-03-02 16:50:29', '2023-03-02 16:50:29'),
(113, 'Mr. Gussie Brekke MD', 0, NULL, '2023-03-02 16:50:29', '2023-03-02 16:50:29'),
(114, 'Margarette Lang', 0, NULL, '2023-03-02 16:50:29', '2023-03-02 16:50:29'),
(115, 'Koby VonRueden', 3, NULL, '2023-03-02 16:50:29', '2023-03-02 16:50:29'),
(116, 'Griffin Romaguera', 3, NULL, '2023-03-02 16:50:29', '2023-03-02 16:50:29'),
(117, 'Prof. Amina Schoen', 4, NULL, '2023-03-02 16:50:29', '2023-03-02 16:50:29'),
(118, 'Mrs. Melba Feest MD', 3, NULL, '2023-03-02 16:50:29', '2023-03-02 16:50:29'),
(119, 'Waylon Langosh PhD', 0, NULL, '2023-03-02 16:50:29', '2023-03-02 16:50:29'),
(120, 'Cathy Koelpin', 5, NULL, '2023-03-02 16:50:29', '2023-03-02 16:50:29'),
(121, 'Jamir Reinger DDS', 0, NULL, '2023-03-02 16:54:34', '2023-03-02 16:54:34'),
(122, 'Prof. Micaela Rutherford', 5, NULL, '2023-03-02 16:54:34', '2023-03-02 16:54:34'),
(123, 'Eugenia Pagac', 4, NULL, '2023-03-02 16:54:34', '2023-03-02 16:54:34'),
(124, 'Emely Schinner', 1, NULL, '2023-03-02 16:54:34', '2023-03-02 16:54:34'),
(125, 'Prof. Kristopher Roberts III', 4, NULL, '2023-03-02 16:54:34', '2023-03-02 16:54:34'),
(126, 'Kenya Nienow Jr.', 2, NULL, '2023-03-02 16:54:34', '2023-03-02 16:54:34'),
(127, 'River Cole', 5, NULL, '2023-03-02 16:54:34', '2023-03-02 16:54:34'),
(128, 'Frederik Swaniawski IV', 5, NULL, '2023-03-02 16:54:34', '2023-03-02 16:54:34'),
(129, 'Jerry Thompson', 0, NULL, '2023-03-02 16:54:34', '2023-03-02 16:54:34'),
(130, 'Howell Dietrich', 5, NULL, '2023-03-02 16:54:34', '2023-03-02 16:54:34'),
(131, 'Lemuel Mills DVM', 0, NULL, '2023-03-02 16:54:34', '2023-03-02 16:54:34'),
(132, 'Joel Schiller', 3, NULL, '2023-03-02 16:54:34', '2023-03-02 16:54:34'),
(133, 'Ms. Burnice Koch DDS', 5, NULL, '2023-03-02 16:54:34', '2023-03-02 16:54:34'),
(134, 'Andy Brown', 4, NULL, '2023-03-02 16:54:34', '2023-03-02 16:54:34'),
(135, 'Fabiola Prohaska', 1, NULL, '2023-03-02 16:54:34', '2023-03-02 16:54:34'),
(136, 'Kip Harvey V', 1, NULL, '2023-03-02 16:55:02', '2023-03-02 16:55:02'),
(137, 'Mrs. Reyna McDermott', 0, NULL, '2023-03-02 16:55:02', '2023-03-02 16:55:02'),
(138, 'Dandre Funk', 3, NULL, '2023-03-02 16:55:02', '2023-03-02 16:55:02'),
(139, 'Dr. Kathryn McKenzie III', 1, NULL, '2023-03-02 16:55:02', '2023-03-02 16:55:02'),
(140, 'Dr. Shawn Becker III', 3, NULL, '2023-03-02 16:55:02', '2023-03-02 16:55:02'),
(141, 'Prof. Elenor Quigley III', 3, NULL, '2023-03-02 16:55:02', '2023-03-02 16:55:02'),
(142, 'Bernadine Durgan', 0, NULL, '2023-03-02 16:55:02', '2023-03-02 16:55:02'),
(143, 'Hattie Sipes', 3, NULL, '2023-03-02 16:55:02', '2023-03-02 16:55:02'),
(144, 'Lexie Kemmer', 2, NULL, '2023-03-02 16:55:02', '2023-03-02 16:55:02'),
(145, 'Prof. Dahlia Bahringer', 4, NULL, '2023-03-02 16:55:02', '2023-03-02 16:55:02'),
(146, 'Brycen Durgan', 4, NULL, '2023-03-02 16:55:02', '2023-03-02 16:55:02'),
(147, 'Desiree Greenholt', 2, NULL, '2023-03-02 16:55:02', '2023-03-02 16:55:02'),
(148, 'Anita Ziemann IV', 4, NULL, '2023-03-02 16:55:02', '2023-03-02 16:55:02'),
(149, 'Lenora Mayert', 1, NULL, '2023-03-02 16:55:02', '2023-03-02 16:55:02'),
(150, 'Giuseppe Pagac', 2, NULL, '2023-03-02 16:55:02', '2023-03-02 16:55:02'),
(151, 'Ms. Natasha Hudson IV', 2, NULL, '2023-03-02 16:56:23', '2023-03-02 16:56:23'),
(152, 'Miss Alda Konopelski', 4, NULL, '2023-03-02 16:56:23', '2023-03-02 16:56:23'),
(153, 'Rosa Willms', 4, NULL, '2023-03-02 16:56:23', '2023-03-02 16:56:23'),
(154, 'Alphonso Schulist', 0, NULL, '2023-03-02 16:56:23', '2023-03-02 16:56:23'),
(155, 'Nikolas Wyman', 5, NULL, '2023-03-02 16:56:23', '2023-03-02 16:56:23'),
(156, 'Maegan Hill', 3, NULL, '2023-03-02 16:56:23', '2023-03-02 16:56:23'),
(157, 'Prof. Rodolfo Boyle Sr.', 0, NULL, '2023-03-02 16:56:23', '2023-03-02 16:56:23'),
(158, 'Mr. Jack Hayes', 3, NULL, '2023-03-02 16:56:23', '2023-03-02 16:56:23'),
(159, 'Makenna Abernathy', 2, NULL, '2023-03-02 16:56:23', '2023-03-02 16:56:23'),
(160, 'Clyde Reichel', 2, NULL, '2023-03-02 16:56:23', '2023-03-02 16:56:23'),
(161, 'Stuart Langosh', 2, NULL, '2023-03-02 16:56:23', '2023-03-02 16:56:23'),
(162, 'Dr. Gregory Green Sr.', 4, NULL, '2023-03-02 16:56:23', '2023-03-02 16:56:23'),
(163, 'Maybelle Boyle', 1, NULL, '2023-03-02 16:56:23', '2023-03-02 16:56:23'),
(164, 'Dwight Konopelski', 0, NULL, '2023-03-02 16:56:23', '2023-03-02 16:56:23'),
(165, 'Cassidy Nikolaus', 0, NULL, '2023-03-02 16:56:23', '2023-03-02 16:56:23'),
(166, 'Clementina Gleason DVM', 2, NULL, '2023-03-02 17:04:20', '2023-03-02 17:04:20'),
(167, 'Nigel Mertz', 2, NULL, '2023-03-02 17:04:20', '2023-03-02 17:04:20'),
(168, 'Robyn Brakus', 4, NULL, '2023-03-02 17:04:20', '2023-03-02 17:04:20'),
(169, 'Shakira Prohaska', 2, NULL, '2023-03-02 17:04:20', '2023-03-02 17:04:20'),
(170, 'Augusta O\'Connell', 1, NULL, '2023-03-02 17:04:20', '2023-03-02 17:04:20'),
(171, 'Mr. Fern Langworth', 4, NULL, '2023-03-02 17:04:20', '2023-03-02 17:04:20'),
(172, 'Rahsaan Zieme', 2, NULL, '2023-03-02 17:04:20', '2023-03-02 17:04:20'),
(173, 'Margaret Mitchell', 3, NULL, '2023-03-02 17:04:20', '2023-03-02 17:04:20'),
(174, 'Mr. Percival Parker IV', 0, NULL, '2023-03-02 17:04:20', '2023-03-02 17:04:20'),
(175, 'Jed Collins', 2, NULL, '2023-03-02 17:04:20', '2023-03-02 17:04:20'),
(176, 'Keyshawn Jenkins PhD', 0, NULL, '2023-03-02 17:04:20', '2023-03-02 17:04:20'),
(177, 'Devyn Kohler', 0, NULL, '2023-03-02 17:04:20', '2023-03-02 17:04:20'),
(178, 'Montana Frami Sr.', 0, NULL, '2023-03-02 17:04:20', '2023-03-02 17:04:20'),
(179, 'Prof. Connor Weimann II', 3, NULL, '2023-03-02 17:04:20', '2023-03-02 17:04:20'),
(180, 'Ms. Frederique Spinka', 5, NULL, '2023-03-02 17:04:20', '2023-03-02 17:04:20'),
(181, 'Ofelia Kuvalis', 3, NULL, '2023-03-02 17:04:51', '2023-03-02 17:04:51'),
(182, 'Joannie Bauch IV', 4, NULL, '2023-03-02 17:04:51', '2023-03-02 17:04:51'),
(183, 'Giovanni Okuneva II', 2, NULL, '2023-03-02 17:04:51', '2023-03-02 17:04:51'),
(184, 'Lilian Mosciski', 4, NULL, '2023-03-02 17:04:51', '2023-03-02 17:04:51'),
(185, 'Dr. Arvilla Gibson IV', 1, NULL, '2023-03-02 17:04:51', '2023-03-02 17:04:51'),
(186, 'Prof. Keven Leffler Sr.', 0, NULL, '2023-03-02 17:04:51', '2023-03-02 17:04:51'),
(187, 'Casper Boyle', 4, NULL, '2023-03-02 17:04:51', '2023-03-02 17:04:51'),
(188, 'Dr. Kailyn Abernathy II', 5, NULL, '2023-03-02 17:04:51', '2023-03-02 17:04:51'),
(189, 'Rosa Sauer', 3, NULL, '2023-03-02 17:04:51', '2023-03-02 17:04:51'),
(190, 'Marcella Lockman IV', 4, NULL, '2023-03-02 17:04:51', '2023-03-02 17:04:51'),
(191, 'Prof. Moshe Kuvalis', 0, NULL, '2023-03-02 17:04:51', '2023-03-02 17:04:51'),
(192, 'Elwin Daniel', 3, NULL, '2023-03-02 17:04:51', '2023-03-02 17:04:51'),
(193, 'Dudley Collier', 3, NULL, '2023-03-02 17:04:51', '2023-03-02 17:04:51'),
(194, 'Maximilian Schowalter', 2, NULL, '2023-03-02 17:04:51', '2023-03-02 17:04:51'),
(195, 'Scot Blick', 0, NULL, '2023-03-02 17:04:51', '2023-03-02 17:04:51'),
(196, 'Mr. Randal Kertzmann', 5, NULL, '2023-03-02 17:05:26', '2023-03-02 17:05:26'),
(197, 'Alysa Sawayn', 3, NULL, '2023-03-02 17:05:26', '2023-03-02 17:05:26'),
(198, 'Leatha Fisher', 4, NULL, '2023-03-02 17:05:26', '2023-03-02 17:05:26'),
(199, 'Hassan Kilback', 1, NULL, '2023-03-02 17:05:26', '2023-03-02 17:05:26'),
(200, 'Caleb Medhurst', 0, NULL, '2023-03-02 17:05:26', '2023-03-02 17:05:26'),
(201, 'Malvina Larkin', 2, NULL, '2023-03-02 17:05:26', '2023-03-02 17:05:26'),
(202, 'Bert Stanton', 3, NULL, '2023-03-02 17:05:26', '2023-03-02 17:05:26'),
(203, 'Rolando Macejkovic', 2, NULL, '2023-03-02 17:05:26', '2023-03-02 17:05:26'),
(204, 'Prof. Carey Glover', 2, NULL, '2023-03-02 17:05:26', '2023-03-02 17:05:26'),
(205, 'Mr. Kyleigh Hilpert MD', 5, NULL, '2023-03-02 17:05:26', '2023-03-02 17:05:26'),
(206, 'Quincy Walter', 3, NULL, '2023-03-02 17:05:26', '2023-03-02 17:05:26'),
(207, 'Dr. Claudine Keebler', 0, NULL, '2023-03-02 17:05:26', '2023-03-02 17:05:26'),
(208, 'Patrick Greenfelder', 0, NULL, '2023-03-02 17:05:26', '2023-03-02 17:05:26'),
(209, 'Jedidiah Abshire', 4, NULL, '2023-03-02 17:05:26', '2023-03-02 17:05:26'),
(210, 'Dr. Nathan Tillman', 4, NULL, '2023-03-02 17:05:26', '2023-03-02 17:05:26'),
(211, 'Dr. Gerald Emmerich MD', 4, NULL, '2023-03-02 17:06:09', '2023-03-02 17:06:09'),
(212, 'Mr. Branson Yost', 4, NULL, '2023-03-02 17:06:09', '2023-03-02 17:06:09'),
(213, 'Steve Grimes', 0, NULL, '2023-03-02 17:06:09', '2023-03-02 17:06:09'),
(214, 'Raven Grant', 3, NULL, '2023-03-02 17:06:09', '2023-03-02 17:06:09'),
(215, 'Margaretta Bartell', 3, NULL, '2023-03-02 17:06:09', '2023-03-02 17:06:09'),
(216, 'Dr. Nathanial Leffler Jr.', 2, NULL, '2023-03-02 17:06:09', '2023-03-02 17:06:09'),
(217, 'Paolo Heaney III', 1, NULL, '2023-03-02 17:06:09', '2023-03-02 17:06:09'),
(218, 'Henry Dicki', 5, NULL, '2023-03-02 17:06:09', '2023-03-02 17:06:09'),
(219, 'Hal Ward', 5, NULL, '2023-03-02 17:06:09', '2023-03-02 17:06:09'),
(220, 'Prof. Frederik Cremin Sr.', 0, NULL, '2023-03-02 17:06:09', '2023-03-02 17:06:09'),
(221, 'Makenzie Labadie', 4, NULL, '2023-03-02 17:06:09', '2023-03-02 17:06:09'),
(222, 'Burley Rempel', 0, NULL, '2023-03-02 17:06:09', '2023-03-02 17:06:09'),
(223, 'Althea Goldner Jr.', 5, NULL, '2023-03-02 17:06:09', '2023-03-02 17:06:09'),
(224, 'Mrs. Maggie Ebert PhD', 0, NULL, '2023-03-02 17:06:09', '2023-03-02 17:06:09'),
(225, 'Liza Moen', 1, NULL, '2023-03-02 17:06:09', '2023-03-02 17:06:09'),
(226, 'Madelyn Blick Jr.', 1, NULL, '2023-03-02 17:06:31', '2023-03-02 17:06:31'),
(227, 'Mr. Bertha Bernhard IV', 4, NULL, '2023-03-02 17:06:31', '2023-03-02 17:06:31'),
(228, 'Lambert Balistreri IV', 0, NULL, '2023-03-02 17:06:31', '2023-03-02 17:06:31'),
(229, 'Selena Tremblay', 2, NULL, '2023-03-02 17:06:31', '2023-03-02 17:06:31'),
(230, 'Dr. Tristian Keebler', 5, NULL, '2023-03-02 17:06:31', '2023-03-02 17:06:31'),
(231, 'Malinda Trantow V', 4, NULL, '2023-03-02 17:06:31', '2023-03-02 17:06:31'),
(232, 'Prof. Santina Hessel', 2, NULL, '2023-03-02 17:06:31', '2023-03-02 17:06:31'),
(233, 'Willa Osinski', 3, NULL, '2023-03-02 17:06:31', '2023-03-02 17:06:31'),
(234, 'Cory O\'Hara', 1, NULL, '2023-03-02 17:06:31', '2023-03-02 17:06:31'),
(235, 'Sid Senger', 3, NULL, '2023-03-02 17:06:31', '2023-03-02 17:06:31'),
(236, 'Scot Hilpert DVM', 5, NULL, '2023-03-02 17:06:31', '2023-03-02 17:06:31'),
(237, 'Fae Crooks', 1, NULL, '2023-03-02 17:06:31', '2023-03-02 17:06:31'),
(238, 'Jessica Hand', 2, NULL, '2023-03-02 17:06:31', '2023-03-02 17:06:31'),
(239, 'Miss Tianna Greenholt', 2, NULL, '2023-03-02 17:06:31', '2023-03-02 17:06:31'),
(240, 'Magali Spencer', 2, NULL, '2023-03-02 17:06:31', '2023-03-02 17:06:31'),
(241, 'Mr. Marty Langosh DDS', 3, NULL, '2023-03-02 17:07:27', '2023-03-02 17:07:27'),
(242, 'Ms. Angelita Sawayn', 4, NULL, '2023-03-02 17:07:27', '2023-03-02 17:07:27'),
(243, 'Mr. Everett Cronin', 2, NULL, '2023-03-02 17:07:27', '2023-03-02 17:07:27'),
(244, 'Leila Stanton II', 4, NULL, '2023-03-02 17:07:27', '2023-03-02 17:07:27'),
(245, 'Jacques Rice Jr.', 2, NULL, '2023-03-02 17:07:27', '2023-03-02 17:07:27'),
(246, 'Dr. Reinhold Lockman', 4, NULL, '2023-03-02 17:07:27', '2023-03-02 17:07:27'),
(247, 'Miss Theodora Nikolaus', 3, NULL, '2023-03-02 17:07:27', '2023-03-02 17:07:27'),
(248, 'Harry Crist', 3, NULL, '2023-03-02 17:07:27', '2023-03-02 17:07:27'),
(249, 'Missouri Stehr', 1, NULL, '2023-03-02 17:07:27', '2023-03-02 17:07:27'),
(250, 'Dr. Everardo Hill II', 1, NULL, '2023-03-02 17:07:27', '2023-03-02 17:07:27'),
(251, 'Emilio Pagac', 0, NULL, '2023-03-02 17:07:27', '2023-03-02 17:07:27'),
(252, 'Ms. Jayda Fadel V', 4, NULL, '2023-03-02 17:07:27', '2023-03-02 17:07:27'),
(253, 'Dalton Heidenreich', 4, NULL, '2023-03-02 17:07:27', '2023-03-02 17:07:27'),
(254, 'Bailey Larkin', 4, NULL, '2023-03-02 17:07:27', '2023-03-02 17:07:27'),
(255, 'Brenna Hauck', 4, NULL, '2023-03-02 17:07:27', '2023-03-02 17:07:27'),
(256, 'Kathleen Homenick', 0, NULL, '2023-03-02 17:07:53', '2023-03-02 17:07:53'),
(257, 'Modesto Hill', 5, NULL, '2023-03-02 17:07:53', '2023-03-02 17:07:53'),
(258, 'Syble Mohr', 3, NULL, '2023-03-02 17:07:53', '2023-03-02 17:07:53'),
(259, 'Ernesto Runolfsdottir', 2, NULL, '2023-03-02 17:07:53', '2023-03-02 17:07:53'),
(260, 'Dr. Tanner Pouros IV', 5, NULL, '2023-03-02 17:07:53', '2023-03-02 17:07:53'),
(261, 'Mrs. Claudie Olson DDS', 2, NULL, '2023-03-02 17:07:53', '2023-03-02 17:07:53'),
(262, 'Hoyt West', 2, NULL, '2023-03-02 17:07:53', '2023-03-02 17:07:53'),
(263, 'Caitlyn Labadie', 5, NULL, '2023-03-02 17:07:53', '2023-03-02 17:07:53'),
(264, 'Elias Ledner', 2, NULL, '2023-03-02 17:07:53', '2023-03-02 17:07:53'),
(265, 'Davion Vandervort', 3, NULL, '2023-03-02 17:07:53', '2023-03-02 17:07:53'),
(266, 'Mr. Miller Brekke Sr.', 3, NULL, '2023-03-02 17:07:53', '2023-03-02 17:07:53'),
(267, 'Isabell McGlynn DDS', 2, NULL, '2023-03-02 17:07:53', '2023-03-02 17:07:53'),
(268, 'Viva Will', 4, NULL, '2023-03-02 17:07:53', '2023-03-02 17:07:53'),
(269, 'Mr. Lorenz Stehr', 3, NULL, '2023-03-02 17:07:53', '2023-03-02 17:07:53'),
(270, 'Hildegard Wunsch', 3, NULL, '2023-03-02 17:07:53', '2023-03-02 17:07:53'),
(271, 'Sarina Weissnat', 2, NULL, '2023-03-02 17:09:28', '2023-03-02 17:09:28'),
(272, 'Don Waelchi Sr.', 1, NULL, '2023-03-02 17:09:28', '2023-03-02 17:09:28'),
(273, 'Albert Windler', 2, NULL, '2023-03-02 17:09:28', '2023-03-02 17:09:28'),
(274, 'Dr. Cloyd Champlin', 2, NULL, '2023-03-02 17:09:28', '2023-03-02 17:09:28'),
(275, 'Mrs. Myrna Carroll PhD', 5, NULL, '2023-03-02 17:09:28', '2023-03-02 17:09:28'),
(276, 'Horacio Schmitt', 3, NULL, '2023-03-02 17:09:28', '2023-03-02 17:09:28'),
(277, 'Chadrick Gorczany', 0, NULL, '2023-03-02 17:09:28', '2023-03-02 17:09:28'),
(278, 'Aliza Schmitt', 2, NULL, '2023-03-02 17:09:28', '2023-03-02 17:09:28'),
(279, 'Tiffany Larson', 0, NULL, '2023-03-02 17:09:28', '2023-03-02 17:09:28'),
(280, 'Mariana Wolff', 3, NULL, '2023-03-02 17:09:28', '2023-03-02 17:09:28'),
(281, 'Dr. Jerry Legros', 2, NULL, '2023-03-02 17:09:28', '2023-03-02 17:09:28'),
(282, 'Prof. Helmer Wuckert', 3, NULL, '2023-03-02 17:09:28', '2023-03-02 17:09:28'),
(283, 'Presley Schroeder', 3, NULL, '2023-03-02 17:09:28', '2023-03-02 17:09:28'),
(284, 'Prof. Stacy Emmerich', 1, NULL, '2023-03-02 17:09:28', '2023-03-02 17:09:28'),
(285, 'Prof. Jan Thiel V', 3, NULL, '2023-03-02 17:09:28', '2023-03-02 17:09:28'),
(286, 'Rachael Kuhic', 0, NULL, '2023-03-02 17:09:51', '2023-03-02 17:09:51'),
(287, 'Prof. Keira Reinger Sr.', 2, NULL, '2023-03-02 17:09:51', '2023-03-02 17:09:51'),
(288, 'Arvid Bogan', 0, NULL, '2023-03-02 17:09:51', '2023-03-02 17:09:51'),
(289, 'Jaden Harber', 2, NULL, '2023-03-02 17:09:51', '2023-03-02 17:09:51'),
(290, 'Adam Cummings', 3, NULL, '2023-03-02 17:09:51', '2023-03-02 17:09:51'),
(291, 'Tomas Price', 0, NULL, '2023-03-02 17:09:51', '2023-03-02 17:09:51'),
(292, 'Dr. Jaquan Kohler III', 5, NULL, '2023-03-02 17:09:51', '2023-03-02 17:09:51'),
(293, 'Verda Marvin', 4, NULL, '2023-03-02 17:09:51', '2023-03-02 17:09:51'),
(294, 'Estel Kunze', 4, NULL, '2023-03-02 17:09:51', '2023-03-02 17:09:51'),
(295, 'Prof. Vernon Hintz I', 2, NULL, '2023-03-02 17:09:51', '2023-03-02 17:09:51'),
(296, 'Ed Considine', 1, NULL, '2023-03-02 17:09:51', '2023-03-02 17:09:51'),
(297, 'Dr. Kaya Rodriguez II', 1, NULL, '2023-03-02 17:09:51', '2023-03-02 17:09:51'),
(298, 'Mr. Jose Mertz Jr.', 1, NULL, '2023-03-02 17:09:51', '2023-03-02 17:09:51'),
(299, 'Alex Pacocha', 5, NULL, '2023-03-02 17:09:51', '2023-03-02 17:09:51'),
(300, 'Mr. Jerrod McDermott', 1, NULL, '2023-03-02 17:09:51', '2023-03-02 17:09:51'),
(301, 'Tavares Cronin', 0, NULL, '2023-03-02 17:11:04', '2023-03-02 17:11:04'),
(302, 'Heather Casper', 5, NULL, '2023-03-02 17:11:04', '2023-03-02 17:11:04'),
(303, 'Giovanna Bayer', 1, NULL, '2023-03-02 17:11:04', '2023-03-02 17:11:04'),
(304, 'Tracy Shanahan', 5, NULL, '2023-03-02 17:11:04', '2023-03-02 17:11:04'),
(305, 'Kim Toy II', 5, NULL, '2023-03-02 17:11:04', '2023-03-02 17:11:04'),
(306, 'Aliyah Pfeffer', 2, NULL, '2023-03-02 17:11:04', '2023-03-02 17:11:04'),
(307, 'Colin Schinner', 5, NULL, '2023-03-02 17:11:04', '2023-03-02 17:11:04'),
(308, 'Shaina King', 1, NULL, '2023-03-02 17:11:04', '2023-03-02 17:11:04'),
(309, 'Rosetta Gottlieb', 5, NULL, '2023-03-02 17:11:04', '2023-03-02 17:11:04'),
(310, 'Brennon Cummerata', 1, NULL, '2023-03-02 17:11:04', '2023-03-02 17:11:04'),
(311, 'Selina Schroeder PhD', 2, NULL, '2023-03-02 17:11:04', '2023-03-02 17:11:04'),
(312, 'Ms. Alisha Cummings', 0, NULL, '2023-03-02 17:11:04', '2023-03-02 17:11:04'),
(313, 'Scottie Larkin', 0, NULL, '2023-03-02 17:11:04', '2023-03-02 17:11:04'),
(314, 'Melyna Haag', 0, NULL, '2023-03-02 17:11:04', '2023-03-02 17:11:04'),
(315, 'Dr. Wilma Gerlach', 5, NULL, '2023-03-02 17:11:04', '2023-03-02 17:11:04'),
(316, 'Jennifer Zemlak', 1, NULL, '2023-03-02 17:11:24', '2023-03-02 17:11:24'),
(317, 'Grady Littel IV', 2, NULL, '2023-03-02 17:11:24', '2023-03-02 17:11:24'),
(318, 'Mr. Alfredo Schimmel PhD', 2, NULL, '2023-03-02 17:11:24', '2023-03-02 17:11:24'),
(319, 'Dr. Zack Zemlak Jr.', 5, NULL, '2023-03-02 17:11:24', '2023-03-02 17:11:24'),
(320, 'Maximo Goodwin', 4, NULL, '2023-03-02 17:11:24', '2023-03-02 17:11:24'),
(321, 'Erna Greenholt', 4, NULL, '2023-03-02 17:11:24', '2023-03-02 17:11:24'),
(322, 'Sammie Macejkovic', 5, NULL, '2023-03-02 17:11:24', '2023-03-02 17:11:24'),
(323, 'Monroe Jacobs II', 0, NULL, '2023-03-02 17:11:24', '2023-03-02 17:11:24'),
(324, 'Mittie Skiles', 5, NULL, '2023-03-02 17:11:24', '2023-03-02 17:11:24'),
(325, 'Delmer Hammes', 0, NULL, '2023-03-02 17:11:24', '2023-03-02 17:11:24'),
(326, 'Patrick Herman', 3, NULL, '2023-03-02 17:11:24', '2023-03-02 17:11:24'),
(327, 'Prof. Bert Heidenreich', 0, NULL, '2023-03-02 17:11:24', '2023-03-02 17:11:24'),
(328, 'Leonardo Williamson', 1, NULL, '2023-03-02 17:11:24', '2023-03-02 17:11:24'),
(329, 'Hulda Rowe', 1, NULL, '2023-03-02 17:11:24', '2023-03-02 17:11:24'),
(330, 'Gladys Jaskolski', 0, NULL, '2023-03-02 17:11:24', '2023-03-02 17:11:24'),
(331, 'test3', 1, NULL, '2023-03-03 04:21:29', '2023-03-03 04:21:29'),
(332, 'test8', 1, NULL, '2023-03-03 12:52:08', '2023-03-03 12:52:08'),
(333, 'Karli McDermott', 3, NULL, '2023-03-04 05:15:08', '2023-03-04 05:15:08'),
(334, 'Prof. Guido Torp Sr.', 4, NULL, '2023-03-04 05:15:08', '2023-03-04 05:15:08'),
(335, 'Prof. Durward Gaylord PhD', 4, NULL, '2023-03-04 05:15:08', '2023-03-04 05:15:08'),
(336, 'Schuyler Schulist II', 3, NULL, '2023-03-04 05:15:08', '2023-03-04 05:15:08'),
(337, 'Lane O\'Hara', 4, NULL, '2023-03-04 05:15:08', '2023-03-04 05:15:08'),
(338, 'Celestine Kuhlman PhD', 1, NULL, '2023-03-04 05:15:08', '2023-03-04 05:15:08'),
(339, 'Alden Mueller', 0, NULL, '2023-03-04 05:15:08', '2023-03-04 05:15:08'),
(340, 'Lempi Padberg', 0, NULL, '2023-03-04 05:15:08', '2023-03-04 05:15:08'),
(341, 'Dr. Alessandra Kemmer III', 1, NULL, '2023-03-04 05:15:08', '2023-03-04 05:15:08'),
(342, 'Dave Green', 2, NULL, '2023-03-04 05:15:08', '2023-03-04 05:15:08'),
(343, 'Brycen Hauck', 3, NULL, '2023-03-04 05:15:08', '2023-03-04 05:15:08'),
(344, 'Mabel Lueilwitz', 0, NULL, '2023-03-04 05:15:08', '2023-03-04 05:15:08'),
(345, 'Allene Carroll', 1, NULL, '2023-03-04 05:15:08', '2023-03-04 05:15:08'),
(346, 'Geo Fahey', 0, NULL, '2023-03-04 05:15:08', '2023-03-04 05:15:08'),
(347, 'Miss Gwendolyn Ortiz Sr.', 4, NULL, '2023-03-04 05:15:08', '2023-03-04 05:15:08'),
(348, 'testUnit 1444', 12, NULL, '2023-03-04 20:15:33', '2023-03-04 20:15:33'),
(349, 'testUnit 00', 12, NULL, '2023-03-04 20:17:12', '2023-03-04 20:17:12'),
(350, 'testUnit222', 12, NULL, '2023-03-04 20:26:58', '2023-03-04 20:26:58');

-- --------------------------------------------------------

--
-- Table structure for table `categorizables`
--

DROP TABLE IF EXISTS `categorizables`;
CREATE TABLE IF NOT EXISTS `categorizables` (
  `id` bigint UNSIGNED NOT NULL AUTO_INCREMENT,
  `category_id` int NOT NULL,
  `categorizable_type` varchar(125) COLLATE utf8mb4_unicode_ci NOT NULL,
  `categorizable_id` bigint UNSIGNED NOT NULL,
  `created_at` timestamp NULL DEFAULT NULL,
  `updated_at` timestamp NULL DEFAULT NULL,
  PRIMARY KEY (`id`),
  KEY `categorizables_categorizable_type_categorizable_id_index` (`categorizable_type`,`categorizable_id`)
) ENGINE=MyISAM AUTO_INCREMENT=51 DEFAULT CHARSET=utf8mb4 COLLATE=utf8mb4_unicode_ci;

--
-- Dumping data for table `categorizables`
--

INSERT INTO `categorizables` (`id`, `category_id`, `categorizable_type`, `categorizable_id`, `created_at`, `updated_at`) VALUES
(20, 12, 'App\\Models\\Mosbat\\V1\\Product', 1, NULL, NULL),
(13, 3, 'App\\Models\\Mosbat\\V1\\Product', 1, NULL, NULL),
(12, 2, 'App\\Models\\Mosbat\\V1\\Product', 1, NULL, NULL),
(11, 1, 'App\\Models\\Mosbat\\V1\\Product', 1, NULL, NULL),
(27, 7, 'App\\Models\\Mosbat\\V1\\Product', 5, NULL, NULL),
(28, 8, 'App\\Models\\Mosbat\\V1\\Product', 5, NULL, NULL),
(29, 9, 'App\\Models\\Mosbat\\V1\\Product', 5, NULL, NULL),
(30, 12, 'App\\Models\\Mosbat\\V1\\Product', 5, NULL, NULL),
(31, 1, 'App\\Models\\Mosbat\\V1\\Product', 6, NULL, NULL),
(32, 2, 'App\\Models\\Mosbat\\V1\\Product', 6, NULL, NULL),
(46, 3, 'App\\Models\\Mosbat\\V1\\Product', 308, NULL, NULL),
(45, 2, 'App\\Models\\Mosbat\\V1\\Product', 308, NULL, NULL),
(44, 3, 'App\\Models\\Mosbat\\V1\\Product', 307, NULL, NULL),
(43, 2, 'App\\Models\\Mosbat\\V1\\Product', 307, NULL, NULL),
(42, 3, 'App\\Models\\Mosbat\\V1\\Product', 306, NULL, NULL),
(41, 2, 'App\\Models\\Mosbat\\V1\\Product', 306, NULL, NULL),
(40, 12, 'App\\Models\\Mosbat\\V1\\Product', 6, NULL, NULL);

-- --------------------------------------------------------

--
-- Table structure for table `failed_jobs`
--

DROP TABLE IF EXISTS `failed_jobs`;
CREATE TABLE IF NOT EXISTS `failed_jobs` (
  `id` bigint UNSIGNED NOT NULL AUTO_INCREMENT,
  `uuid` varchar(125) COLLATE utf8mb4_unicode_ci NOT NULL,
  `connection` text COLLATE utf8mb4_unicode_ci NOT NULL,
  `queue` text COLLATE utf8mb4_unicode_ci NOT NULL,
  `payload` longtext COLLATE utf8mb4_unicode_ci NOT NULL,
  `exception` longtext COLLATE utf8mb4_unicode_ci NOT NULL,
  `failed_at` timestamp NOT NULL DEFAULT CURRENT_TIMESTAMP,
  PRIMARY KEY (`id`),
  UNIQUE KEY `failed_jobs_uuid_unique` (`uuid`)
) ENGINE=MyISAM DEFAULT CHARSET=utf8mb4 COLLATE=utf8mb4_unicode_ci;

-- --------------------------------------------------------

--
-- Table structure for table `migrations`
--

DROP TABLE IF EXISTS `migrations`;
CREATE TABLE IF NOT EXISTS `migrations` (
  `id` int UNSIGNED NOT NULL AUTO_INCREMENT,
  `migration` varchar(125) COLLATE utf8mb4_unicode_ci NOT NULL,
  `batch` int NOT NULL,
  PRIMARY KEY (`id`)
) ENGINE=MyISAM AUTO_INCREMENT=40 DEFAULT CHARSET=utf8mb4 COLLATE=utf8mb4_unicode_ci;

--
-- Dumping data for table `migrations`
--

INSERT INTO `migrations` (`id`, `migration`, `batch`) VALUES
(31, '2014_10_12_000000_create_users_table', 1),
(32, '2014_10_12_100000_create_password_reset_tokens_table', 1),
(33, '2014_10_12_100000_create_password_resets_table', 1),
(34, '2019_08_19_000000_create_failed_jobs_table', 1),
(35, '2019_12_14_000001_create_personal_access_tokens_table', 1),
(36, '2023_03_01_162325_create_permission_tables', 1),
(37, '2023_03_02_112931_create_categories_table', 1),
(38, '2023_03_02_175948_create_products_table', 1),
(39, '2023_03_02_194309_create_categorizables_table', 1);

-- --------------------------------------------------------

--
-- Table structure for table `model_has_permissions`
--

DROP TABLE IF EXISTS `model_has_permissions`;
CREATE TABLE IF NOT EXISTS `model_has_permissions` (
  `permission_id` bigint UNSIGNED NOT NULL,
  `model_type` varchar(125) COLLATE utf8mb4_unicode_ci NOT NULL,
  `model_id` bigint UNSIGNED NOT NULL,
  PRIMARY KEY (`permission_id`,`model_id`,`model_type`),
  KEY `model_has_permissions_model_id_model_type_index` (`model_id`,`model_type`)
) ENGINE=MyISAM DEFAULT CHARSET=utf8mb4 COLLATE=utf8mb4_unicode_ci;

--
-- Dumping data for table `model_has_permissions`
--

INSERT INTO `model_has_permissions` (`permission_id`, `model_type`, `model_id`) VALUES
(497, 'App\\Models\\Mosbat\\V1\\User', 47),
(498, 'App\\Models\\Mosbat\\V1\\User', 47),
(499, 'App\\Models\\Mosbat\\V1\\User', 47),
(500, 'App\\Models\\Mosbat\\V1\\User', 47),
(501, 'App\\Models\\Mosbat\\V1\\User', 47),
(502, 'App\\Models\\Mosbat\\V1\\User', 47),
(503, 'App\\Models\\Mosbat\\V1\\User', 47),
(504, 'App\\Models\\Mosbat\\V1\\User', 47),
(505, 'App\\Models\\Mosbat\\V1\\User', 47),
(506, 'App\\Models\\Mosbat\\V1\\User', 47),
(507, 'App\\Models\\Mosbat\\V1\\User', 47),
(508, 'App\\Models\\Mosbat\\V1\\User', 47),
(509, 'App\\Models\\Mosbat\\V1\\User', 47),
(510, 'App\\Models\\Mosbat\\V1\\User', 47),
(511, 'App\\Models\\Mosbat\\V1\\User', 47),
(512, 'App\\Models\\Mosbat\\V1\\User', 47),
(513, 'App\\Models\\Mosbat\\V1\\User', 47),
(514, 'App\\Models\\Mosbat\\V1\\User', 47),
(515, 'App\\Models\\Mosbat\\V1\\User', 47),
(516, 'App\\Models\\Mosbat\\V1\\User', 47),
(517, 'App\\Models\\Mosbat\\V1\\User', 47),
(518, 'App\\Models\\Mosbat\\V1\\User', 47),
(519, 'App\\Models\\Mosbat\\V1\\User', 47),
(520, 'App\\Models\\Mosbat\\V1\\User', 47),
(521, 'App\\Models\\Mosbat\\V1\\User', 47),
(522, 'App\\Models\\Mosbat\\V1\\User', 47),
(523, 'App\\Models\\Mosbat\\V1\\User', 47),
(524, 'App\\Models\\Mosbat\\V1\\User', 47),
(525, 'App\\Models\\Mosbat\\V1\\User', 47),
(526, 'App\\Models\\Mosbat\\V1\\User', 47),
(527, 'App\\Models\\Mosbat\\V1\\User', 47),
(528, 'App\\Models\\Mosbat\\V1\\User', 47),
(529, 'App\\Models\\Mosbat\\V1\\User', 47),
(530, 'App\\Models\\Mosbat\\V1\\User', 47),
(531, 'App\\Models\\Mosbat\\V1\\User', 47),
(532, 'App\\Models\\Mosbat\\V1\\User', 47),
(533, 'App\\Models\\Mosbat\\V1\\User', 47);

-- --------------------------------------------------------

--
-- Table structure for table `model_has_roles`
--

DROP TABLE IF EXISTS `model_has_roles`;
CREATE TABLE IF NOT EXISTS `model_has_roles` (
  `role_id` bigint UNSIGNED NOT NULL,
  `model_type` varchar(125) COLLATE utf8mb4_unicode_ci NOT NULL,
  `model_id` bigint UNSIGNED NOT NULL,
  PRIMARY KEY (`role_id`,`model_id`,`model_type`),
  KEY `model_has_roles_model_id_model_type_index` (`model_id`,`model_type`)
) ENGINE=MyISAM DEFAULT CHARSET=utf8mb4 COLLATE=utf8mb4_unicode_ci;

--
-- Dumping data for table `model_has_roles`
--

INSERT INTO `model_has_roles` (`role_id`, `model_type`, `model_id`) VALUES
(7, 'App\\Models\\Mosbat\\V1\\User', 47),
(8, 'App\\Models\\Mosbat\\V1\\User', 47),
(8, 'App\\Models\\Mosbat\\V1\\User', 50),
(8, 'App\\Models\\Mosbat\\V1\\User', 52),
(8, 'App\\Models\\Mosbat\\V1\\User', 53),
(8, 'App\\Models\\Mosbat\\V1\\User', 54),
(8, 'App\\Models\\Mosbat\\V1\\User', 55),
(8, 'App\\Models\\Mosbat\\V1\\User', 56);

-- --------------------------------------------------------

--
-- Table structure for table `password_resets`
--

DROP TABLE IF EXISTS `password_resets`;
CREATE TABLE IF NOT EXISTS `password_resets` (
  `email` varchar(125) COLLATE utf8mb4_unicode_ci NOT NULL,
  `token` varchar(125) COLLATE utf8mb4_unicode_ci NOT NULL,
  `created_at` timestamp NULL DEFAULT NULL,
  KEY `password_resets_email_index` (`email`)
) ENGINE=MyISAM DEFAULT CHARSET=utf8mb4 COLLATE=utf8mb4_unicode_ci;

-- --------------------------------------------------------

--
-- Table structure for table `password_reset_tokens`
--

DROP TABLE IF EXISTS `password_reset_tokens`;
CREATE TABLE IF NOT EXISTS `password_reset_tokens` (
  `email` varchar(125) COLLATE utf8mb4_unicode_ci NOT NULL,
  `token` varchar(125) COLLATE utf8mb4_unicode_ci NOT NULL,
  `created_at` timestamp NULL DEFAULT NULL,
  PRIMARY KEY (`email`)
) ENGINE=MyISAM DEFAULT CHARSET=utf8mb4 COLLATE=utf8mb4_unicode_ci;

-- --------------------------------------------------------

--
-- Table structure for table `permissions`
--

DROP TABLE IF EXISTS `permissions`;
CREATE TABLE IF NOT EXISTS `permissions` (
  `id` bigint UNSIGNED NOT NULL AUTO_INCREMENT,
  `name` varchar(125) COLLATE utf8mb4_unicode_ci NOT NULL,
  `guard_name` varchar(125) COLLATE utf8mb4_unicode_ci NOT NULL,
  `parentId` bigint UNSIGNED NOT NULL,
  `created_at` timestamp NULL DEFAULT NULL,
  `updated_at` timestamp NULL DEFAULT NULL,
  PRIMARY KEY (`id`),
  UNIQUE KEY `permissions_name_guard_name_unique` (`name`,`guard_name`)
) ENGINE=MyISAM AUTO_INCREMENT=534 DEFAULT CHARSET=utf8mb4 COLLATE=utf8mb4_unicode_ci;

--
-- Dumping data for table `permissions`
--

INSERT INTO `permissions` (`id`, `name`, `guard_name`, `parentId`, `created_at`, `updated_at`) VALUES
(533, 'role-destroy', 'api', 526, '2023-03-04 14:51:43', '2023-03-04 14:51:43'),
(532, 'role-update', 'api', 526, '2023-03-04 14:51:43', '2023-03-04 14:51:43'),
(529, 'role-store', 'api', 526, '2023-03-04 14:51:43', '2023-03-04 14:51:43'),
(530, 'role-show', 'api', 526, '2023-03-04 14:51:43', '2023-03-04 14:51:43'),
(531, 'role-edit', 'api', 526, '2023-03-04 14:51:43', '2023-03-04 14:51:43'),
(527, 'role-index', 'api', 526, '2023-03-04 14:51:43', '2023-03-04 14:51:43'),
(528, 'role-create', 'api', 526, '2023-03-04 14:51:43', '2023-03-04 14:51:43'),
(526, 'role', 'api', 0, '2023-03-04 14:51:43', '2023-03-04 14:51:43'),
(521, 'permission-store', 'api', 518, '2023-03-04 14:51:43', '2023-03-04 14:51:43'),
(522, 'permission-show', 'api', 518, '2023-03-04 14:51:43', '2023-03-04 14:51:43'),
(523, 'permission-edit', 'api', 518, '2023-03-04 14:51:43', '2023-03-04 14:51:43'),
(524, 'permission-update', 'api', 518, '2023-03-04 14:51:43', '2023-03-04 14:51:43'),
(525, 'permission-destroy', 'api', 518, '2023-03-04 14:51:43', '2023-03-04 14:51:43'),
(520, 'permission-create', 'api', 518, '2023-03-04 14:51:43', '2023-03-04 14:51:43'),
(519, 'permission-index', 'api', 518, '2023-03-04 14:51:43', '2023-03-04 14:51:43'),
(517, 'product-destroy', 'api', 510, '2023-03-04 14:51:43', '2023-03-04 14:51:43'),
(518, 'permission', 'api', 0, '2023-03-04 14:51:43', '2023-03-04 14:51:43'),
(516, 'product-update', 'api', 510, '2023-03-04 14:51:43', '2023-03-04 14:51:43'),
(515, 'product-edit', 'api', 510, '2023-03-04 14:51:43', '2023-03-04 14:51:43'),
(514, 'product-show', 'api', 510, '2023-03-04 14:51:43', '2023-03-04 14:51:43'),
(513, 'product-store', 'api', 510, '2023-03-04 14:51:43', '2023-03-04 14:51:43'),
(512, 'product-create', 'api', 510, '2023-03-04 14:51:43', '2023-03-04 14:51:43'),
(511, 'product-index', 'api', 510, '2023-03-04 14:51:43', '2023-03-04 14:51:43'),
(510, 'product', 'api', 0, '2023-03-04 14:51:43', '2023-03-04 14:51:43'),
(507, 'category-edit', 'api', 502, '2023-03-04 14:51:43', '2023-03-04 14:51:43'),
(508, 'category-update', 'api', 502, '2023-03-04 14:51:43', '2023-03-04 14:51:43'),
(509, 'category-destroy', 'api', 502, '2023-03-04 14:51:43', '2023-03-04 14:51:43'),
(506, 'category-show', 'api', 502, '2023-03-04 14:51:43', '2023-03-04 14:51:43'),
(505, 'category-store', 'api', 502, '2023-03-04 14:51:43', '2023-03-04 14:51:43'),
(502, 'category', 'api', 0, '2023-03-04 14:51:43', '2023-03-04 14:51:43'),
(503, 'category-index', 'api', 502, '2023-03-04 14:51:43', '2023-03-04 14:51:43'),
(504, 'category-create', 'api', 502, '2023-03-04 14:51:43', '2023-03-04 14:51:43'),
(501, 'login-logout', 'api', 497, '2023-03-04 14:51:43', '2023-03-04 14:51:43'),
(500, 'register-register', 'api', 499, '2023-03-04 14:51:43', '2023-03-04 14:51:43'),
(499, 'register', 'api', 0, '2023-03-04 14:51:43', '2023-03-04 14:51:43'),
(498, 'login-login', 'api', 497, '2023-03-04 14:51:43', '2023-03-04 14:51:43'),
(497, 'login', 'api', 0, '2023-03-04 14:51:43', '2023-03-04 14:51:43');

-- --------------------------------------------------------

--
-- Table structure for table `personal_access_tokens`
--

DROP TABLE IF EXISTS `personal_access_tokens`;
CREATE TABLE IF NOT EXISTS `personal_access_tokens` (
  `id` bigint UNSIGNED NOT NULL AUTO_INCREMENT,
  `tokenable_type` varchar(125) COLLATE utf8mb4_unicode_ci NOT NULL,
  `tokenable_id` bigint UNSIGNED NOT NULL,
  `name` varchar(125) COLLATE utf8mb4_unicode_ci NOT NULL,
  `token` varchar(64) COLLATE utf8mb4_unicode_ci NOT NULL,
  `abilities` text COLLATE utf8mb4_unicode_ci,
  `last_used_at` timestamp NULL DEFAULT NULL,
  `expires_at` timestamp NULL DEFAULT NULL,
  `created_at` timestamp NULL DEFAULT NULL,
  `updated_at` timestamp NULL DEFAULT NULL,
  PRIMARY KEY (`id`),
  UNIQUE KEY `personal_access_tokens_token_unique` (`token`),
  KEY `personal_access_tokens_tokenable_type_tokenable_id_index` (`tokenable_type`,`tokenable_id`)
) ENGINE=MyISAM AUTO_INCREMENT=109 DEFAULT CHARSET=utf8mb4 COLLATE=utf8mb4_unicode_ci;

--
-- Dumping data for table `personal_access_tokens`
--

INSERT INTO `personal_access_tokens` (`id`, `tokenable_type`, `tokenable_id`, `name`, `token`, `abilities`, `last_used_at`, `expires_at`, `created_at`, `updated_at`) VALUES
(1, 'App\\Models\\Mosbat\\V1\\User', 1, 'token-name-register', 'c977688b7e9f20889510b49ffe5b090634f6b9d6c505bc0d7aca65059e9552c0', '[\"register:store\"]', NULL, NULL, '2023-03-03 11:55:45', '2023-03-03 11:55:45'),
(7, 'App\\Models\\User', 5, 'token-name-register', '71df90e0cf7caa8a8fc981904826262961cc0f728ee1f1033c01dccb284576a1', '[\"register:store\"]', NULL, NULL, '2023-03-04 04:14:13', '2023-03-04 04:14:13'),
(6, 'App\\Models\\User', 4, 'token-name-register', '7d6b93b897757f6c00a56a2bb3078a3caf54452c7161c5055d81ce21099e769d', '[\"register:store\"]', NULL, NULL, '2023-03-04 04:13:45', '2023-03-04 04:13:45'),
(8, 'App\\Models\\User', 6, 'token-name-register', '71c88fea5eff86b5be4a52ee61963eb9580214cd9db9aa9c1f33ad9882f27a7a', '[\"register:store\"]', NULL, NULL, '2023-03-04 04:28:00', '2023-03-04 04:28:00'),
(9, 'App\\Models\\User', 7, 'token-name-register', '43881e56e495748b1c5c2e050097af1ed48b5aabc750f58f89a2b1f0e062c8ac', '[\"register:store\"]', NULL, NULL, '2023-03-04 04:29:34', '2023-03-04 04:29:34'),
(10, 'App\\Models\\User', 8, 'token-name-register', '582e2aac0967156de41fbafa52551f68ff2e79899c083f889c75e3af9329b97f', '[\"register:store\"]', NULL, NULL, '2023-03-04 04:31:03', '2023-03-04 04:31:03'),
(11, 'App\\Models\\User', 9, 'token-name-register', '9e40fe1b1c1d7c85817d04b13f6a45c389fc1bd0df87a04e14c3c6da2103520f', '[\"register:store\"]', NULL, NULL, '2023-03-04 04:34:40', '2023-03-04 04:34:40'),
(12, 'App\\Models\\User', 10, 'token-name-register', 'aa33ce37b8a57917b66e6de2cec1bec3ffc38c49edd984c6bab8bf8e04ff667c', '[\"register:store\"]', NULL, NULL, '2023-03-04 04:37:51', '2023-03-04 04:37:51'),
(13, 'App\\Models\\User', 11, 'token-name-register', 'af444de164181c7b155202e655e3cd2ea371b8696f99607751b9db6425fe733a', '[\"register:store\"]', NULL, NULL, '2023-03-04 04:40:15', '2023-03-04 04:40:15'),
(14, 'App\\Models\\User', 12, 'token-name-register', 'a9c4c750272302122373fb54a3d466e177bf94a754c51ce2c4a1fc22945a5254', '[\"register:store\"]', NULL, NULL, '2023-03-04 04:40:24', '2023-03-04 04:40:24'),
(15, 'App\\Models\\User', 13, 'token-name-register', '2c9cccd51c3f0c91046e2592720edd00d953a13018cbac96993a75ccc39bd855', '[\"register:store\"]', NULL, NULL, '2023-03-04 04:43:09', '2023-03-04 04:43:09'),
(16, 'App\\Models\\User', 14, 'token-name-register', 'bf08c73297ea04d882d21534bdf002af7cfc38483773a108c76b670388df3667', '[\"register:store\"]', NULL, NULL, '2023-03-04 05:07:28', '2023-03-04 05:07:28'),
(19, 'App\\Models\\Mosbat\\V1\\User', 2, 'token-name-login', '615be7fe608f3cc57a23d8696a6dab97ddc2fd14a9daefe665bae392e63313d5', '[\"login:store\"]', NULL, NULL, '2023-03-04 07:21:55', '2023-03-04 07:21:55'),
(20, 'App\\Models\\Mosbat\\V1\\User', 2, 'token-name-login', '80b3312a1bce27723b59d1a97820916cccf670094e88435e5597ae534a30fbb0', '[\"login:store\"]', '2023-03-04 07:41:45', NULL, '2023-03-04 07:31:31', '2023-03-04 07:41:45'),
(21, 'App\\Models\\Mosbat\\V1\\User', 15, 'token-name-register', '8c7abd1a3da295d207faaaaf3047d64f276d651c3b41facb2cadc014096aa88d', '[\"register:store\"]', NULL, NULL, '2023-03-04 07:45:19', '2023-03-04 07:45:19'),
(22, 'App\\Models\\Mosbat\\V1\\User', 2, 'token-name-login', '7cfcaa4d5c0d823b3b12f76da078acb2e3804ffcef5973817fb390027012aba2', '[\"login:store\"]', '2023-03-04 11:33:29', NULL, '2023-03-04 07:47:04', '2023-03-04 11:33:29'),
(23, 'App\\Models\\Mosbat\\V1\\User', 16, 'token-name-register', 'f56c7d1e319dd5614ac1a6cd5e1103c5f5fd745531cf191f873fb5d321003c12', '[\"register:store\"]', NULL, NULL, '2023-03-04 11:57:15', '2023-03-04 11:57:15'),
(24, 'App\\Models\\Mosbat\\V1\\User', 17, 'token-name-register', '6271efdd277890ef6f0018f072dd71e344eec75b84334726347bcc05aad27f41', '[\"register:store\"]', NULL, NULL, '2023-03-04 11:58:40', '2023-03-04 11:58:40'),
(25, 'App\\Models\\Mosbat\\V1\\User', 18, 'token-name-register', 'e73515e4a11c4533021f79919b4f8a480c8a5f96b653bafea107d6e60fcbedbf', '[\"register:store\"]', NULL, NULL, '2023-03-04 11:59:29', '2023-03-04 11:59:29'),
(26, 'App\\Models\\Mosbat\\V1\\User', 39, 'token-name-register', 'e90df9d877e34959405a5547c15fbedfcdf32b0f4ab7ff3a8df3011b4debfa6d', '[\"register:store\"]', NULL, NULL, '2023-03-04 12:31:16', '2023-03-04 12:31:16'),
(27, 'App\\Models\\Mosbat\\V1\\User', 45, 'token-name-register', '4f31b4ffd78ecd14bdb0d96a3b65f83c1dcde82a148256ff9fec915444e74999', '[\"register:store\"]', NULL, NULL, '2023-03-04 13:23:56', '2023-03-04 13:23:56'),
(28, 'App\\Models\\Mosbat\\V1\\User', 48, 'token-name-register', '73162b642d64d728af2410dceda6ab54b437c1c387dfdea79c17c1ef9293eef9', '[\"register:store\"]', NULL, NULL, '2023-03-04 14:08:21', '2023-03-04 14:08:21'),
(36, 'App\\Models\\Mosbat\\V1\\User', 47, 'token-name-login', '9bd6ef1a6e1989d31cef5d37571631a4f2789e89a7b3c55a27c67b659dfd81ab', '[\"login:store\"]', '2023-03-04 16:28:05', NULL, '2023-03-04 16:17:40', '2023-03-04 16:28:05'),
(31, 'App\\Models\\Mosbat\\V1\\User', 49, 'token-name-login', '3790ae747f467709257d39de488457246e4d465c616402d0eccec7d432dabb2a', '[\"login:store\"]', '2023-03-04 15:46:50', NULL, '2023-03-04 15:29:33', '2023-03-04 15:46:50'),
(32, 'App\\Models\\Mosbat\\V1\\User', 50, 'token-name-register', '0231be1f5a8ff583dacb5e3e6d8187a9cb1973961bc1c346acbc0b0df582c836', '[\"register:store\"]', '2023-03-04 15:49:46', NULL, '2023-03-04 15:48:53', '2023-03-04 15:49:46'),
(34, 'App\\Models\\Mosbat\\V1\\User', 50, 'token-name-login', '036de2428004fe8ad42ad98f9d8b93251d510d764207249f517ae29f00b49145', '[\"login:store\"]', '2023-03-04 16:09:16', NULL, '2023-03-04 16:01:11', '2023-03-04 16:09:16'),
(37, 'App\\Models\\Mosbat\\V1\\User', 50, 'token-name-login', '1074a8e8fd890d62c65190fabea055fb7c68d6659614f49cf56ce28e67c95eea', '[\"login:store\"]', '2023-03-04 17:55:50', NULL, '2023-03-04 16:28:23', '2023-03-04 17:55:50'),
(38, 'App\\Models\\Mosbat\\V1\\User', 47, 'token-name-login', '1ab9ef30bd6b69429aec671d67f6a51c35a307be22b7ffae9f75c2ef4e953a6b', '[\"login:store\"]', '2023-03-04 20:16:21', NULL, '2023-03-04 17:56:56', '2023-03-04 20:16:21'),
(39, 'App\\Models\\Mosbat\\V1\\User', 51, 'token-name-register', '74b117a8624b56c6daabe8053c4b428d6a22abd7d2a8da0fb906abdbdb8204b9', '[\"register:store\"]', NULL, NULL, '2023-03-04 18:11:35', '2023-03-04 18:11:35'),
(40, 'App\\Models\\Mosbat\\V1\\User', 47, 'token-name-login', '38d708ddfd99e474592d8ea507c2e1c8ef33cd9269bfa781da059d36f878ed3d', '[\"login:store\"]', NULL, NULL, '2023-03-04 19:01:28', '2023-03-04 19:01:28'),
(41, 'App\\Models\\Mosbat\\V1\\User', 47, 'token-name-login', '4d80f6fc0989c307b8ebb3909d5ccae594fd08ce893fbe8f83408cbb42bdd371', '[\"login:store\"]', '2023-03-04 20:27:09', NULL, '2023-03-04 19:01:58', '2023-03-04 20:27:09'),
(42, 'App\\Models\\Mosbat\\V1\\User', 47, 'token-name-login', '492d6c5e34562cfd55700baf9e7dc60b74ab6b6b690c9ed8921ad833c50b8b47', '[\"login:store\"]', NULL, NULL, '2023-03-04 19:18:03', '2023-03-04 19:18:03'),
(43, 'App\\Models\\Mosbat\\V1\\User', 47, 'token-name-login', '1ea2e1a45f8d1d139f62641fdc301d364b3813cf747868c8c2ce958f1b82d212', '[\"login:store\"]', NULL, NULL, '2023-03-04 19:18:03', '2023-03-04 19:18:03'),
(44, 'App\\Models\\Mosbat\\V1\\User', 47, 'token-name-login', 'fbcc94ff93588a3ee90c54f666179361913d10fd4a998f1f81cf1ce0bd409ba7', '[\"login:store\"]', NULL, NULL, '2023-03-04 19:20:04', '2023-03-04 19:20:04'),
(45, 'App\\Models\\Mosbat\\V1\\User', 47, 'token-name-login', '51b49256acb0ab9f00814ca1ba3b76d88ac07226038ff3446ca3bf31a83985c3', '[\"login:store\"]', NULL, NULL, '2023-03-04 19:20:04', '2023-03-04 19:20:04'),
(46, 'App\\Models\\Mosbat\\V1\\User', 47, 'token-name-login', 'b7d1a8f9f292fac9a937fcfae5538208bee53dce8bdeee96ab3864bcd1998a90', '[\"login:store\"]', NULL, NULL, '2023-03-04 19:21:43', '2023-03-04 19:21:43'),
(47, 'App\\Models\\Mosbat\\V1\\User', 47, 'token-name-login', '2916e07e24d2c5f8a16f56866f6aebaae919d1657167c6c9ab992a33784613d8', '[\"login:store\"]', NULL, NULL, '2023-03-04 19:22:52', '2023-03-04 19:22:52'),
(48, 'App\\Models\\Mosbat\\V1\\User', 47, 'token-name-login', 'b2495add0f96bb61d3c02586b23cc817be72889c821382d324c8c1e7c8432a78', '[\"login:store\"]', NULL, NULL, '2023-03-04 19:25:10', '2023-03-04 19:25:10'),
(49, 'App\\Models\\Mosbat\\V1\\User', 47, 'token-name-login', 'f58de74ad3a4daec62b4bb73a417e0e8d9914c6c4ce21475065a8e39689331df', '[\"login:store\"]', NULL, NULL, '2023-03-04 19:27:23', '2023-03-04 19:27:23'),
(50, 'App\\Models\\Mosbat\\V1\\User', 47, 'token-name-login', 'df046b13338614d33f0e5c5449dd854ad197081cf051b4ccb75f452c5e4ec3a1', '[\"login:store\"]', NULL, NULL, '2023-03-04 19:30:31', '2023-03-04 19:30:31'),
(51, 'App\\Models\\Mosbat\\V1\\User', 47, 'token-name-login', 'b287bdae167499055654d3d9b995e0169558e6c56e1dda90289cac745996dc02', '[\"login:store\"]', NULL, NULL, '2023-03-04 19:30:50', '2023-03-04 19:30:50'),
(52, 'App\\Models\\Mosbat\\V1\\User', 47, 'token-name-login', 'c6e3c7fbd652a6f76a4635e83071d8c5b9509460d634d72e12b5bcfda7db622e', '[\"login:store\"]', NULL, NULL, '2023-03-04 19:31:30', '2023-03-04 19:31:30'),
(53, 'App\\Models\\Mosbat\\V1\\User', 47, 'token-name-login', 'fb6af2ef4e52a9b81194c75e5b38a446b5354fb25e2834316d4f8f3e7313499e', '[\"login:store\"]', NULL, NULL, '2023-03-04 19:31:31', '2023-03-04 19:31:31'),
(54, 'App\\Models\\Mosbat\\V1\\User', 52, 'token-name-register', '8e48befa02031fe3c7bb86c7c8f7794db32e86bdde5b6890967fb4aee309ac8c', '[\"register:store\"]', NULL, NULL, '2023-03-04 19:33:41', '2023-03-04 19:33:41'),
(55, 'App\\Models\\Mosbat\\V1\\User', 47, 'token-name-login', '059c592acf7512c6940cdcc7f29f9ee6a2e48be549600a780216df03eb3f2842', '[\"login:store\"]', NULL, NULL, '2023-03-04 19:33:42', '2023-03-04 19:33:42'),
(56, 'App\\Models\\Mosbat\\V1\\User', 47, 'token-name-login', '6f4bb5e3004bd7e59045bb4323a2b4dfa7d10acc624296706e26b3d2840a337e', '[\"login:store\"]', NULL, NULL, '2023-03-04 19:33:42', '2023-03-04 19:33:42'),
(57, 'App\\Models\\Mosbat\\V1\\User', 47, 'token-name-login', '44da5986402d21761e904d711ebde111c7213801d187e971cb58c9f3a7f38e16', '[\"login:store\"]', NULL, NULL, '2023-03-04 19:34:53', '2023-03-04 19:34:53'),
(58, 'App\\Models\\Mosbat\\V1\\User', 47, 'token-name-login', '70340f8a5ff77dfa5716c9258911e4c0c37f2f925823e8e9ee275c03c6820e1e', '[\"login:store\"]', NULL, NULL, '2023-03-04 19:34:54', '2023-03-04 19:34:54'),
(59, 'App\\Models\\Mosbat\\V1\\User', 53, 'token-name-register', '6ce995528b3db2452a73792b77fcd5b2035dea605c67bfd4d52a44270075a712', '[\"register:store\"]', NULL, NULL, '2023-03-04 19:35:19', '2023-03-04 19:35:19'),
(60, 'App\\Models\\Mosbat\\V1\\User', 47, 'token-name-login', '10630813d3467a9c8642019188d5cdfa19dc200ce362f968454e1c049227ad87', '[\"login:store\"]', NULL, NULL, '2023-03-04 19:35:20', '2023-03-04 19:35:20'),
(61, 'App\\Models\\Mosbat\\V1\\User', 47, 'token-name-login', '836dbb583e8eee5e4db298126f2a4a9f0ec6c5176a23f841ef75c660561b3d1d', '[\"login:store\"]', NULL, NULL, '2023-03-04 19:35:20', '2023-03-04 19:35:20'),
(62, 'App\\Models\\Mosbat\\V1\\User', 47, 'token-name-login', '7c85e2eff908aa69a397e2d3fb2a8017754708aec3dc715a208b1de5ba888039', '[\"login:store\"]', NULL, NULL, '2023-03-04 19:37:01', '2023-03-04 19:37:01'),
(63, 'App\\Models\\Mosbat\\V1\\User', 47, 'token-name-login', '8ac10badbbb19b80f031376c190375b9eb18885153d994c7e1ed8f895adb6236', '[\"login:store\"]', NULL, NULL, '2023-03-04 19:37:01', '2023-03-04 19:37:01'),
(64, 'App\\Models\\Mosbat\\V1\\User', 54, 'token-name-register', '26fddc733634870818889305424a28c59e2439d580958b8529580b416f7ec8d5', '[\"register:store\"]', NULL, NULL, '2023-03-04 19:38:22', '2023-03-04 19:38:22'),
(65, 'App\\Models\\Mosbat\\V1\\User', 47, 'token-name-login', 'a75985129366996c6eb67739acd77b19ae6d66a7aa0b20e3696055be4bb93812', '[\"login:store\"]', NULL, NULL, '2023-03-04 19:38:22', '2023-03-04 19:38:22'),
(66, 'App\\Models\\Mosbat\\V1\\User', 47, 'token-name-login', '8b3cd7e48da8402321eccbd52361ac94a1973651b4dab99789bf3b4b180a1bff', '[\"login:store\"]', NULL, NULL, '2023-03-04 19:38:22', '2023-03-04 19:38:22'),
(67, 'App\\Models\\Mosbat\\V1\\User', 47, 'token-name-login', 'c0116fb55b254e0a14fa49d465efce1e5d492bb7de11fc23f9687a9b660c7c1b', '[\"login:store\"]', NULL, NULL, '2023-03-04 19:38:46', '2023-03-04 19:38:46'),
(68, 'App\\Models\\Mosbat\\V1\\User', 47, 'token-name-login', '4eef445143bf2173441fe45a2a20d3cd644d7b9b4a0bfe61ef3b4f919c570e6d', '[\"login:store\"]', NULL, NULL, '2023-03-04 19:38:46', '2023-03-04 19:38:46'),
(69, 'App\\Models\\Mosbat\\V1\\User', 55, 'token-name-register', 'b8849904e9121f8b22c0c3931b4e76845c6a4dd58f93c262238d4268fa7948aa', '[\"register:store\"]', NULL, NULL, '2023-03-04 19:39:20', '2023-03-04 19:39:20'),
(70, 'App\\Models\\Mosbat\\V1\\User', 47, 'token-name-login', '366f7f93d71f154504a412a92a6f5602c7034db391ea1be93f623e94b8c2b697', '[\"login:store\"]', NULL, NULL, '2023-03-04 19:39:21', '2023-03-04 19:39:21'),
(71, 'App\\Models\\Mosbat\\V1\\User', 47, 'token-name-login', '81cae65cb452c845b5631eb4cc36d7e0d9495fbc727a8d67b0949011338b429d', '[\"login:store\"]', NULL, NULL, '2023-03-04 19:39:21', '2023-03-04 19:39:21'),
(72, 'App\\Models\\Mosbat\\V1\\User', 47, 'token-name-login', '3dbae717090a152d6e557cf5b03d5dc714be3f9bbbbab186e5ac9240ecf5adb3', '[\"login:store\"]', NULL, NULL, '2023-03-04 19:42:12', '2023-03-04 19:42:12'),
(73, 'App\\Models\\Mosbat\\V1\\User', 47, 'token-name-login', '9a5c371c235ee071d639282c5659319c7ad104a63330269cbf962b38b2eae3b7', '[\"login:store\"]', NULL, NULL, '2023-03-04 19:42:12', '2023-03-04 19:42:12'),
(74, 'App\\Models\\Mosbat\\V1\\User', 47, 'token-name-login', '1466a5bcbb986072470e174ba1065eaa34ab4605e6a29ee48a69d868fdb1ca7e', '[\"login:store\"]', NULL, NULL, '2023-03-04 19:43:41', '2023-03-04 19:43:41'),
(75, 'App\\Models\\Mosbat\\V1\\User', 47, 'token-name-login', 'e4b7ace8959014aaedf8db3967beec86b2e17a610c8a3634d8fa91d5d0114f05', '[\"login:store\"]', NULL, NULL, '2023-03-04 19:43:41', '2023-03-04 19:43:41'),
(76, 'App\\Models\\Mosbat\\V1\\User', 47, 'token-name-login', '5897152827d99d7f71bad9e97866a1cdc9568618221bb235be18e991596ce9ea', '[\"login:store\"]', NULL, NULL, '2023-03-04 19:45:19', '2023-03-04 19:45:19'),
(77, 'App\\Models\\Mosbat\\V1\\User', 47, 'token-name-login', '1c5d162b5d49a225033284a327c65f85e4bd30405dd77fc73727e226e74ed941', '[\"login:store\"]', NULL, NULL, '2023-03-04 19:45:19', '2023-03-04 19:45:19'),
(78, 'App\\Models\\Mosbat\\V1\\User', 47, 'token-name-login', 'e5137901159a7be33f537c70239329094740db41c982e1bff95da2b8ab1c5bb4', '[\"login:store\"]', NULL, NULL, '2023-03-04 19:54:37', '2023-03-04 19:54:37'),
(79, 'App\\Models\\Mosbat\\V1\\User', 47, 'token-name-login', 'b8b7873cb23f64a9734dd9bbe83d39b9b9bbffb8e4e2802ef3daf002dbd3c2c3', '[\"login:store\"]', NULL, NULL, '2023-03-04 19:54:37', '2023-03-04 19:54:37'),
(80, 'App\\Models\\Mosbat\\V1\\User', 47, 'token-name-login', '449a615ff5be9393139f2867ed604732accf054bab35ff9bc03ddee04dbaf395', '[\"login:store\"]', NULL, NULL, '2023-03-04 19:55:37', '2023-03-04 19:55:37'),
(81, 'App\\Models\\Mosbat\\V1\\User', 47, 'token-name-login', 'fb213dac8feb6ace07eaa39eb89eb6628275794d8691ffecd25e4bf56679cfae', '[\"login:store\"]', NULL, NULL, '2023-03-04 19:55:37', '2023-03-04 19:55:37'),
(82, 'App\\Models\\Mosbat\\V1\\User', 47, 'token-name-login', 'ac79af0b86dc75ac05ce684c180e3c5073a6e34388a17e24c53a007eba46f892', '[\"login:store\"]', NULL, NULL, '2023-03-04 19:56:12', '2023-03-04 19:56:12'),
(83, 'App\\Models\\Mosbat\\V1\\User', 47, 'token-name-login', '7076bef7a89dd0c400db0dc61ef8898856e67af650d3389abddc54ee72376740', '[\"login:store\"]', NULL, NULL, '2023-03-04 19:56:13', '2023-03-04 19:56:13'),
(84, 'App\\Models\\Mosbat\\V1\\User', 47, 'token-name-login', 'b5bb6553a515c0363327d9e4862278feb3d8440504fea541aa076a6a953734a9', '[\"login:store\"]', NULL, NULL, '2023-03-04 19:58:08', '2023-03-04 19:58:08'),
(85, 'App\\Models\\Mosbat\\V1\\User', 47, 'token-name-login', '1325598bc828fb119c61c4a072ab4fcce56146847e205606b9bfd1afdd0f63cc', '[\"login:store\"]', NULL, NULL, '2023-03-04 19:58:08', '2023-03-04 19:58:08'),
(86, 'App\\Models\\Mosbat\\V1\\User', 47, 'token-name-login', '1f49f2279e98c13d17d3043ec72f5b7b53a0bbaac8015a435e8d498827fcbaaf', '[\"login:store\"]', NULL, NULL, '2023-03-04 19:59:41', '2023-03-04 19:59:41'),
(87, 'App\\Models\\Mosbat\\V1\\User', 47, 'token-name-login', '03092e55474a9e311c46c8d9b332b6d7c6e9325be33f4946302aa4771f2bf071', '[\"login:store\"]', NULL, NULL, '2023-03-04 19:59:42', '2023-03-04 19:59:42'),
(88, 'App\\Models\\Mosbat\\V1\\User', 47, 'token-name-login', '9b1526aacfd5575b47b4f5f6dccc5e993da43341506dc3cb1fd173ace5ecc4c5', '[\"login:store\"]', NULL, NULL, '2023-03-04 20:00:49', '2023-03-04 20:00:49'),
(89, 'App\\Models\\Mosbat\\V1\\User', 47, 'token-name-login', '5e942e4d93eddd73600c7143568cfacbdeb27979b529d016b730f3249d438870', '[\"login:store\"]', NULL, NULL, '2023-03-04 20:00:49', '2023-03-04 20:00:49'),
(90, 'App\\Models\\Mosbat\\V1\\User', 47, 'token-name-login', '794552bf6643d4b2b8926916bd9c3c773094e2c653d1ee36c50ed92fec00f986', '[\"login:store\"]', NULL, NULL, '2023-03-04 20:04:51', '2023-03-04 20:04:51'),
(91, 'App\\Models\\Mosbat\\V1\\User', 47, 'token-name-login', 'f41c495f54f13c5cf1cbdf18c5bfb291c17cd3661ef531cbbf6a3c318f0ae77e', '[\"login:store\"]', NULL, NULL, '2023-03-04 20:04:51', '2023-03-04 20:04:51'),
(92, 'App\\Models\\Mosbat\\V1\\User', 47, 'token-name-login', '5d3d39a96ebfa3c3b30fdcd8ae18d9b2e9ee9790d9f028a97737bcd0f9f7a44f', '[\"login:store\"]', NULL, NULL, '2023-03-04 20:07:16', '2023-03-04 20:07:16'),
(93, 'App\\Models\\Mosbat\\V1\\User', 47, 'token-name-login', 'b98cbc1dc223b9697d9d8bf16cb80898363cb4372ad368189d9b9efa3b276e30', '[\"login:store\"]', NULL, NULL, '2023-03-04 20:07:17', '2023-03-04 20:07:17'),
(94, 'App\\Models\\Mosbat\\V1\\User', 47, 'token-name-login', '36876a47de789c1766e0026965f859aed059c02be1cb9dbbaf3b8f8277d15166', '[\"login:store\"]', NULL, NULL, '2023-03-04 20:09:29', '2023-03-04 20:09:29'),
(95, 'App\\Models\\Mosbat\\V1\\User', 47, 'token-name-login', '09871319ef8fb3ec6427126178c9bb22e2665b84649fc659dac04d7c7e25394d', '[\"login:store\"]', NULL, NULL, '2023-03-04 20:09:29', '2023-03-04 20:09:29'),
(96, 'App\\Models\\Mosbat\\V1\\User', 47, 'token-name-login', '8e6d55c5013decc711a68af9554405430613a92b19bc4255027dfb05ba943957', '[\"login:store\"]', NULL, NULL, '2023-03-04 20:09:43', '2023-03-04 20:09:43'),
(97, 'App\\Models\\Mosbat\\V1\\User', 47, 'token-name-login', '474f3c7286a1b85c0dab7fbaafce99dd793562cef850ffdd4edd0f34a73a8f85', '[\"login:store\"]', NULL, NULL, '2023-03-04 20:09:44', '2023-03-04 20:09:44'),
(98, 'App\\Models\\Mosbat\\V1\\User', 47, 'token-name-login', 'fdbc7443eb811af3782ba96c9bca7c068a78c8b2aa016fd8ef79b781393ee9b2', '[\"login:store\"]', NULL, NULL, '2023-03-04 20:15:34', '2023-03-04 20:15:34'),
(99, 'App\\Models\\Mosbat\\V1\\User', 47, 'token-name-login', '90b6aa2f80be2324c629e68a5743cab01d594d51409065e61271bd37c9541b20', '[\"login:store\"]', NULL, NULL, '2023-03-04 20:15:34', '2023-03-04 20:15:34'),
(100, 'App\\Models\\Mosbat\\V1\\User', 47, 'token-name-login', '22ad5bb579232db9c4f5585938b46aaf97cad4b1eed6b12e3d37da74c07e3952', '[\"login:store\"]', NULL, NULL, '2023-03-04 20:17:12', '2023-03-04 20:17:12'),
(101, 'App\\Models\\Mosbat\\V1\\User', 47, 'token-name-login', '48fb0736b6fd13f0a65a569b616f9c6327858afb36ea4d6bfcd92fba675b8922', '[\"login:store\"]', NULL, NULL, '2023-03-04 20:17:13', '2023-03-04 20:17:13'),
(102, 'App\\Models\\Mosbat\\V1\\User', 47, 'token-name-login', '2c9468327bbb10a317e251367e369e00a1eb9ae6e1e928e513914729c8d58355', '[\"login:store\"]', NULL, NULL, '2023-03-04 20:19:08', '2023-03-04 20:19:08'),
(103, 'App\\Models\\Mosbat\\V1\\User', 47, 'token-name-login', '99472460d90955a85db89ceeb28f16a7e0bcdda531e57d9da42063ab6f5356fa', '[\"login:store\"]', NULL, NULL, '2023-03-04 20:19:08', '2023-03-04 20:19:08'),
(104, 'App\\Models\\Mosbat\\V1\\User', 47, 'token-name-login', '2c530ed46cbb8987f9abeef8cdaa1a3ad6df600dda2ccd49478323e06074c91d', '[\"login:store\"]', NULL, NULL, '2023-03-04 20:26:58', '2023-03-04 20:26:58'),
(105, 'App\\Models\\Mosbat\\V1\\User', 47, 'token-name-login', '511cb292b8f3f2580586a3db2ef09db56e661eeeb0b7b2abdcd38f8250780413', '[\"login:store\"]', NULL, NULL, '2023-03-04 20:26:59', '2023-03-04 20:26:59'),
(106, 'App\\Models\\Mosbat\\V1\\User', 56, 'token-name-register', '3171a552133166912abf0a4530e46ef06576d2e661b68217c8c61243c3e4d312', '[\"register:store\"]', NULL, NULL, '2023-03-04 20:27:00', '2023-03-04 20:27:00'),
(107, 'App\\Models\\Mosbat\\V1\\User', 47, 'token-name-login', 'c3bd99f05d48ad5ed2fc2933a7c86abf74fa0c40874b80d0c6ffbab9890c60dd', '[\"login:store\"]', NULL, NULL, '2023-03-04 20:27:06', '2023-03-04 20:27:06'),
(108, 'App\\Models\\Mosbat\\V1\\User', 47, 'token-name-login', 'd33520aae39eeaf1dc00ced539ca7112f5ac6eefb5dcdc7cfe9b7add8c680622', '[\"login:store\"]', NULL, NULL, '2023-03-04 20:27:06', '2023-03-04 20:27:06');

-- --------------------------------------------------------

--
-- Table structure for table `products`
--

DROP TABLE IF EXISTS `products`;
CREATE TABLE IF NOT EXISTS `products` (
  `id` bigint UNSIGNED NOT NULL AUTO_INCREMENT,
  `title` varchar(125) COLLATE utf8mb4_unicode_ci NOT NULL,
  `discription` text COLLATE utf8mb4_unicode_ci NOT NULL,
  `slug` varchar(125) COLLATE utf8mb4_unicode_ci DEFAULT NULL,
  `amount` varchar(125) COLLATE utf8mb4_unicode_ci NOT NULL DEFAULT '0',
  `current` int NOT NULL,
  `status` varchar(125) COLLATE utf8mb4_unicode_ci NOT NULL DEFAULT 'pending',
  `deleted_at` timestamp NULL DEFAULT NULL,
  `created_at` timestamp NULL DEFAULT NULL,
  `updated_at` timestamp NULL DEFAULT NULL,
  PRIMARY KEY (`id`),
  UNIQUE KEY `products_slug_unique` (`slug`)
) ENGINE=MyISAM AUTO_INCREMENT=329 DEFAULT CHARSET=utf8mb4 COLLATE=utf8mb4_unicode_ci;

--
-- Dumping data for table `products`
--

INSERT INTO `products` (`id`, `title`, `discription`, `slug`, `amount`, `current`, `status`, `deleted_at`, `created_at`, `updated_at`) VALUES
(1, 'Troy O\'Keefe', 'Hic eos a enim nam iste. Iste tenetur beatae iusto velit sint velit. Quasi voluptatem iste sint aut quia ipsam magnam.', 'Jaleel DeckowrqLg3SezSy', '134', 15, 'pending', NULL, '2023-03-02 16:43:55', '2023-03-03 03:41:41'),
(2, 'Prof. Coty Wiegand Jr.', 'Molestiae qui ex maxime quo incidunt. Repellendus cupiditate nisi laborum nihil. Dolor dignissimos ut commodi quo.', 'Ms. Lia Lebsack VTdlnMzL8i0', '104', 12, 'pending', NULL, '2023-03-02 16:43:55', '2023-03-02 16:43:55'),
(3, 'Mrs. Nicolette Paucek IV', 'Asperiores consectetur aliquam dolores minus. Corrupti quia ullam fuga saepe doloremque et voluptatem. Eligendi et velit veritatis quod.', 'Prof. Tia WeissnatdRNIL8RT0h', '164', 10, 'pending', NULL, '2023-03-02 16:43:55', '2023-03-02 16:43:55'),
(4, 'Julie Cartwright', 'Optio architecto consectetur aperiam ut itaque laborum. Cumque ut qui facere tempora ipsum.', 'Mrs. Bridie Lueilwitz DVMz7oB3xnAvK', '163', 5, 'pending', NULL, '2023-03-02 16:43:55', '2023-03-03 03:41:49'),
(5, 'Louie O\'Keefe', 'Odit maiores dolore quas ex nesciunt. Aut nesciunt suscipit eos deleniti. Repellendus reprehenderit nihil totam sint doloribus numquam autem.', 'Katarina Schmidt Jr.tUDS4SfAad', '139', 14, 'pending', '2023-03-03 03:45:07', '2023-03-02 16:43:55', '2023-03-03 03:45:07'),
(6, 'Haven Feest', 'Non qui totam quibusdam atque. Qui enim voluptate blanditiis maiores id qui nemo.', 'Camilla Cartwright IIf1jTMKXUzF', '193', 13, 'pending', NULL, '2023-03-02 16:43:55', '2023-03-03 12:06:41'),
(7, 'Stacey Hane', 'Laborum eos quo quisquam consequatur veniam. Sed quos et deserunt eaque. Eum occaecati accusamus incidunt aut.', 'Curtis ZboncakfVlPRy51YF', '131', 11, 'pending', NULL, '2023-03-02 16:43:55', '2023-03-02 16:43:55'),
(8, 'Verner Schmidt', 'Natus quo deserunt consequatur iusto. Harum adipisci tenetur molestiae et. Eligendi veniam tempore in perferendis et.', 'Pierre Schroeder V87NSzujFGY', '111', 8, 'pending', NULL, '2023-03-02 16:43:55', '2023-03-02 16:43:55'),
(9, 'Gillian Christiansen', 'Adipisci dolor ea qui consequatur. Enim corrupti possimus quo inventore officiis quia. Ipsam omnis sed quidem alias neque.', 'Donna GorczanyRzgAVv3qDC', '138', 5, 'pending', NULL, '2023-03-02 16:43:55', '2023-03-02 16:43:55'),
(10, 'testUnit22', 'test', 'MOSBATtestUnit22', '10', 10, 'pending', NULL, '2023-03-02 16:43:55', '2023-03-04 20:09:28'),
(309, 'Prof. Olga Nicolas Jr.', 'Autem accusamus odio ut recusandae ex quis qui nisi. Ad non cupiditate qui incidunt facilis non. Adipisci voluptas illum in maxime soluta omnis.', 'Liliana Boehmsu8CUDCH3j', '122', 6, 'pending', NULL, '2023-03-04 05:15:08', '2023-03-04 05:15:08'),
(11, 'Prof. Madonna Roberts', 'Consequatur deserunt repellendus suscipit vitae explicabo assumenda nam. Sed laborum quam consequatur qui. Rerum ipsam recusandae quis amet ipsa.', 'Greyson Mayert DDS1klgltrp0m', '149', 8, 'pending', NULL, '2023-03-02 16:43:55', '2023-03-02 16:43:55'),
(12, 'Corene Hauck Jr.', 'Aliquid occaecati ex impedit. Id nihil dolorem beatae corrupti.', 'Toy SauercDUutSQy6A', '101', 5, 'pending', NULL, '2023-03-02 16:43:55', '2023-03-02 16:43:55'),
(13, 'Billie Ziemann', 'Amet rem nobis consequatur sint. In vitae quia quos et molestias magnam. Ullam consequatur ratione voluptas est pariatur.', 'Otha LednerDysbtgQBva', '144', 8, 'pending', NULL, '2023-03-02 16:43:55', '2023-03-02 16:43:55'),
(14, 'Charley Fay', 'Exercitationem facilis architecto autem ea. Eligendi quidem voluptatum maiores voluptatem. Totam repellat quidem quaerat tempora eius atque et sed.', 'Clay LarsondBNLK518MR', '159', 13, 'pending', NULL, '2023-03-02 16:43:55', '2023-03-02 16:43:55'),
(15, 'Vicky Glover', 'Sapiente quae vitae corrupti ea distinctio consequatur sit facere. Consequuntur ducimus sed et eos in. Et saepe debitis natus rem quam hic.', 'Bridie Johns VX7Edx1WlcL', '119', 11, 'pending', NULL, '2023-03-02 16:43:55', '2023-03-02 16:43:55'),
(16, 'Kaelyn Dach', 'Optio qui tenetur nesciunt beatae. Est velit minima doloribus nisi enim. Eius in veniam unde. Animi eligendi consequatur ut tempora praesentium.', 'Ms. Ethyl Leannon IIIn6vaBV6yMp', '115', 9, 'pending', NULL, '2023-03-02 16:47:22', '2023-03-02 16:47:22'),
(17, 'Foster Hills MD', 'Eos ipsum dolor est qui molestiae repellendus. Dolorum recusandae rerum enim qui. Beatae sed repudiandae qui qui vitae quis.', 'Arnulfo SchuppeX3GyK7qdWT', '156', 10, 'pending', NULL, '2023-03-02 16:47:22', '2023-03-02 16:47:22'),
(18, 'Ambrose Morar MD', 'Esse dolores repellat saepe aut asperiores. Cumque nesciunt debitis explicabo occaecati. Dolorem quo mollitia assumenda molestiae.', 'Gussie YundtCuohiuF3fV', '156', 15, 'pending', NULL, '2023-03-02 16:47:22', '2023-03-02 16:47:22'),
(19, 'Emilia Purdy IV', 'Minima commodi et facilis porro. Mollitia maiores quod molestias aspernatur incidunt doloribus id.', 'Prof. Edythe Lindgren IIItsP8771Q56', '135', 9, 'pending', NULL, '2023-03-02 16:47:22', '2023-03-04 20:27:00'),
(20, 'Ben Powlowski V', 'Et alias maiores aut consequatur. Pariatur aut quo et occaecati. Libero aut rem hic.', 'Dr. Guadalupe Considine PhDBRfmvQBlw6', '183', 9, 'pending', NULL, '2023-03-02 16:47:22', '2023-03-04 20:00:48'),
(21, 'Leonel Tromp', 'Dignissimos ducimus est accusantium. Deserunt rerum minima ipsam tempore natus. Nam repudiandae repellat et harum voluptas consectetur.', 'Joel MurphyvV5UdI7bk2', '100', 8, 'pending', NULL, '2023-03-02 16:47:22', '2023-03-02 16:47:22'),
(22, 'Alfred Corwin', 'Odit et dignissimos id totam ut illo. Id eaque enim et rerum sit esse. Et est architecto ex voluptatem.', 'Ms. Sabina BlockMA6bQNko8Q', '146', 11, 'pending', NULL, '2023-03-02 16:47:22', '2023-03-02 16:47:22'),
(23, 'Prof. Jasen Greenholt', 'Omnis voluptatem ea alias dolores. Et consequuntur ducimus et est. Libero quia quia aut sit qui sapiente occaecati.', 'Kirstin WaelchidYix7IvLsg', '143', 14, 'pending', NULL, '2023-03-02 16:47:22', '2023-03-04 19:58:07'),
(24, 'Mitchell Schamberger IV', 'Dolorem perspiciatis ullam eos earum ut eum molestias. Pariatur reprehenderit sed et sint consequatur porro. Eveniet ratione voluptas sint doloribus.', 'Paris LindgrenXxzv6cNgkL', '109', 6, 'pending', NULL, '2023-03-02 16:47:22', '2023-03-04 19:57:28'),
(25, 'Prof. Zita Grimes V', 'Qui pariatur quibusdam porro optio in odit. Ipsam quia qui illo unde similique totam. Praesentium dolores modi veritatis aperiam ipsam.', 'Miss Bernice Beahan DDSgRfoE9St8e', '123', 10, 'pending', NULL, '2023-03-02 16:47:22', '2023-03-02 16:47:22'),
(26, 'Juana Reilly', 'Ea debitis deserunt quis officiis autem mollitia quis. Ut doloremque nisi libero non. Molestiae odit et ut voluptate.', 'Vivienne WymanUMLAWR2uwY', '144', 12, 'pending', NULL, '2023-03-02 16:47:22', '2023-03-02 16:47:22'),
(27, 'Prof. Don O\'Connell I', 'Doloremque est distinctio cumque. Earum eos velit quod libero quibusdam vitae laboriosam. Quo voluptas sed vero odit tenetur enim rerum dolorem.', 'Freddy ConroyhJZ3Y5Afa3', '189', 6, 'pending', NULL, '2023-03-02 16:47:22', '2023-03-02 16:47:22'),
(28, 'Mr. Filiberto McCullough', 'At earum quos earum assumenda vero repellat. Ut ut ipsum ut et rerum. Nihil veritatis et cum nihil consequatur deleniti quos.', 'Jaren McClure8tQeFoNpGM', '152', 14, 'pending', NULL, '2023-03-02 16:47:22', '2023-03-02 16:47:22'),
(29, 'Ike Nader', 'Vero perspiciatis illum qui quo. Veniam dolores est quos accusantium placeat doloremque. Qui atque et id.', 'Oma DachDQtdnDiGaJ', '162', 12, 'pending', NULL, '2023-03-02 16:47:22', '2023-03-02 16:47:22'),
(30, 'Miss Hollie Wiegand V', 'Vel mollitia atque voluptatum ut eos modi id excepturi. Accusantium quis natus iste veniam aliquid. Ut quidem expedita beatae.', 'Florence CummeratabTREXJLrh1', '153', 15, 'pending', NULL, '2023-03-02 16:47:22', '2023-03-02 16:47:22'),
(31, 'Belle O\'Connell', 'Excepturi earum dolor et hic. Deleniti enim sit et quos. Libero et nemo ut ea tempora.', 'Elinor Schimmel5rZr83H1Gt', '119', 14, 'pending', NULL, '2023-03-02 16:48:39', '2023-03-02 16:48:39'),
(32, 'Mr. Elias Strosin', 'Distinctio ad dolor non ad molestias. Quibusdam saepe incidunt praesentium. Aperiam tenetur molestiae tempore molestiae repellendus eos.', 'Candido HaleyMb33Nancri', '146', 6, 'pending', NULL, '2023-03-02 16:48:39', '2023-03-02 16:48:39'),
(33, 'Mr. Ward Witting V', 'Aut omnis qui et explicabo ut hic ut. Quod alias dolorem odio quis. Consequuntur ut minima consequuntur qui quam nemo excepturi et.', 'Mr. Mitchell Greenholt Sr.2JDNZxNUWD', '137', 13, 'pending', NULL, '2023-03-02 16:48:39', '2023-03-02 16:48:39'),
(34, 'Alayna Hoppe', 'Tempore aut exercitationem corrupti iure. Quaerat atque et libero voluptatum quos. Omnis voluptate quis odit non qui rerum omnis eum.', 'Lavern Gutmann IIIQ1CJve4ggO', '148', 8, 'pending', NULL, '2023-03-02 16:48:39', '2023-03-02 16:48:39'),
(35, 'Maverick Lockman', 'Molestiae voluptatem nobis dignissimos. Deleniti sit dolore explicabo voluptates quis incidunt. Beatae eos libero ex voluptatem ut.', 'Estella HyattXMVUSopbRx', '174', 10, 'pending', NULL, '2023-03-02 16:48:39', '2023-03-02 16:48:39'),
(36, 'Kiel Franecki', 'Sit doloremque itaque deserunt eius explicabo. Aut ullam omnis et ad quam est explicabo quis. Suscipit aut temporibus dolores sit voluptatem.', 'Miss Icie Grimes0LrXW9NrPm', '130', 13, 'pending', NULL, '2023-03-02 16:48:39', '2023-03-02 16:48:39'),
(37, 'Hans Schowalter', 'Consequuntur eos doloribus nihil magnam non. Omnis asperiores ab minus omnis quo. Dicta ut dolorem et est velit. Esse minus velit amet.', 'Jace Champlin1yfYzk14nQ', '115', 15, 'pending', NULL, '2023-03-02 16:48:39', '2023-03-02 16:48:39'),
(38, 'Sadie Spencer', 'Voluptatem tempore voluptatem et tempora. Enim aut excepturi ut non nesciunt error. Quaerat officia error enim neque vel.', 'Mrs. Alisha PadbergUHBJkMSOzy', '141', 6, 'pending', NULL, '2023-03-02 16:48:39', '2023-03-02 16:48:39'),
(39, 'Macy Blanda', 'Explicabo unde non laborum. Ea rerum maiores quaerat magnam dicta vitae impedit. Ab et omnis sint. Velit quo autem ullam fugiat.', 'Celia Muller5T2jU4AEwV', '168', 6, 'pending', NULL, '2023-03-02 16:48:39', '2023-03-02 16:48:39'),
(40, 'Cleve Klein', 'Ipsum nam quasi iusto tempore odit autem. Sint quia voluptatem in quasi sed repudiandae commodi. Vitae suscipit incidunt qui recusandae.', 'Jaime SchaeferN8njs5T0BA', '106', 8, 'pending', NULL, '2023-03-02 16:48:39', '2023-03-02 16:48:39'),
(41, 'Jordyn Powlowski', 'Non quia quos qui officiis officiis. Qui ut ad odio quidem sit et voluptatem. Blanditiis occaecati totam libero quibusdam sed quo eius.', 'Prof. Jordyn Witting IIINwdXk0dquC', '103', 13, 'pending', NULL, '2023-03-02 16:48:39', '2023-03-02 16:48:39'),
(42, 'Ernesto Hoppe', 'Hic quos iure placeat sed dolore quas. Iure aut ut quam nulla ad saepe. Ut est nisi voluptas laudantium dolorum consectetur assumenda.', 'Mr. Elijah LittelnTMZEh7CBA', '112', 5, 'pending', NULL, '2023-03-02 16:48:39', '2023-03-02 16:48:39'),
(43, 'Jairo Hagenes', 'Dolores labore occaecati sed quod. Esse ut quo asperiores nostrum nobis.', 'Zoila Jast DDSuZg31VHKyt', '132', 5, 'pending', NULL, '2023-03-02 16:48:39', '2023-03-02 16:48:39'),
(44, 'Mr. Miguel Rodriguez', 'Qui eos doloremque sed aspernatur sit qui. Ad assumenda aut enim. Blanditiis eligendi ducimus labore ut aut autem id nobis.', 'Efrain Kuvalis Sr.aelVKyGvA3', '104', 15, 'pending', NULL, '2023-03-02 16:48:39', '2023-03-02 16:48:39'),
(45, 'Conrad Hyatt', 'Corporis natus ut repellat nihil. Et voluptates ab inventore qui consectetur in quae.', 'Prof. Rubye Cormier1JmsOm8VIx', '194', 8, 'pending', NULL, '2023-03-02 16:48:39', '2023-03-02 16:48:39'),
(46, 'Margret McKenzie', 'Officia eius nisi est sed quo quasi. Doloremque reiciendis est repellat rerum deleniti illo.', 'Layla Gislason III2Cpm0JNoyW', '191', 15, 'pending', NULL, '2023-03-02 16:49:32', '2023-03-02 16:49:32'),
(47, 'Edmund Champlin', 'Fuga dolorem nulla ad animi dolores hic. Ut minima ab sunt deserunt tempore. Ut aut ut sed.', 'Reanna MrazwZfWALFjfh', '194', 13, 'pending', NULL, '2023-03-02 16:49:32', '2023-03-02 16:49:32'),
(48, 'Prof. April Kerluke Jr.', 'Optio itaque id ratione omnis et odit ratione ex. Aperiam similique corrupti nesciunt possimus voluptatum quo harum. Quo rerum maiores maiores ut ea.', 'Lexie BauchdWodI3SD8e', '154', 8, 'pending', NULL, '2023-03-02 16:49:32', '2023-03-02 16:49:32'),
(49, 'Sebastian Kutch', 'Qui et sed est consequatur earum nisi quo repellat. Commodi pariatur veniam sint ut autem. Asperiores est magni nobis numquam ut culpa.', 'Antonia HyatteCt2JgwJ0m', '118', 11, 'pending', NULL, '2023-03-02 16:49:32', '2023-03-02 16:49:32'),
(50, 'Dr. Enrico Yundt', 'Aut totam quibusdam officiis odio commodi. In sunt nihil dignissimos aut enim in eos. Voluptates sit delectus tenetur repellat voluptatem.', 'Bernhard BrakusixZtvqaM0x', '183', 6, 'pending', NULL, '2023-03-02 16:49:32', '2023-03-02 16:49:32'),
(51, 'Ernesto Bogan', 'Odio hic hic est quam sed. Possimus fugiat ut qui. Facilis aliquid non hic quo nemo.', 'Shanna Bosco DVMib1vMTXaSi', '129', 11, 'pending', NULL, '2023-03-02 16:49:32', '2023-03-02 16:49:32'),
(52, 'Freida Flatley', 'Eum iste sint similique ut maiores iusto. Aliquid qui et aspernatur sequi. Vel soluta tempore qui et.', 'Mr. Tom HettingerhC3dn0e75e', '179', 15, 'pending', NULL, '2023-03-02 16:49:32', '2023-03-02 16:49:32'),
(53, 'Hazel Jacobs', 'Ipsum id libero deserunt molestiae hic iste et. Quia enim sint dolores. Eveniet quod repellat veniam quae et.', 'Zane DooleyzbsChNzD71', '132', 7, 'pending', NULL, '2023-03-02 16:49:32', '2023-03-02 16:49:32'),
(54, 'Laila Kris V', 'Eum libero non quia consequatur et officia optio. Tempore nam ratione error deserunt. Sint in nostrum asperiores.', 'Karianne MorarD6LuXp8D2x', '179', 7, 'pending', NULL, '2023-03-02 16:49:32', '2023-03-02 16:49:32'),
(55, 'Mrs. Zula Herzog', 'Ullam atque iure qui quisquam. Doloremque eaque fugit vel nam deserunt ullam quisquam et. Pariatur cum in omnis.', 'Reuben KochHWvfpWoirD', '127', 7, 'pending', NULL, '2023-03-02 16:49:32', '2023-03-02 16:49:32'),
(56, 'Osbaldo Lebsack', 'Autem aut magni veritatis et. Consequatur omnis sunt aliquam officia. Vero et atque nulla et nostrum.', 'Vivien MarvinKHGNXLAo4j', '154', 12, 'pending', NULL, '2023-03-02 16:49:32', '2023-03-02 16:49:32'),
(57, 'Ebony Zboncak', 'Qui qui vel impedit omnis fuga. Hic asperiores est illo magnam ut vero ut libero. Quos minima molestiae fuga magni quod repellendus.', 'Hilbert HackettBftTlLY7sm', '186', 8, 'pending', NULL, '2023-03-02 16:49:32', '2023-03-02 16:49:32'),
(58, 'Christine Pagac II', 'Accusantium dolorem laborum natus pariatur ducimus. Et ipsa et officia. Odio nemo ullam laborum nulla alias quo.', 'Laurie Koss III14bVlwIi16', '172', 14, 'pending', NULL, '2023-03-02 16:49:32', '2023-03-02 16:49:32'),
(59, 'Grayce Dickinson', 'Qui nostrum nisi culpa dolorum enim illum. Sint placeat labore rerum qui. Vitae autem assumenda consequatur hic eum dolore.', 'Prof. Bernadine Stoltenberg DVMqUxovKJ4TP', '200', 14, 'pending', NULL, '2023-03-02 16:49:32', '2023-03-02 16:49:32'),
(60, 'Adrien McLaughlin', 'Ratione eligendi eum iusto doloribus est consectetur. Maiores culpa aut ut omnis. Et perspiciatis assumenda magni odio quasi vel odio dolor.', 'Dr. Nathan LuettgenCpCrSpHzYw', '159', 13, 'pending', NULL, '2023-03-02 16:49:32', '2023-03-02 16:49:32'),
(61, 'Kellie Torp PhD', 'Molestiae voluptates quis sapiente laborum. Qui corrupti doloremque porro inventore aut.', 'Dalton MedhurstdkSPpRiSIS', '156', 8, 'pending', NULL, '2023-03-02 16:50:05', '2023-03-02 16:50:05'),
(62, 'Dr. Christiana Ferry', 'Dicta non rem voluptate aut veniam. Consequatur sequi dolorum impedit dolores et culpa cum. Eum aut molestiae consequatur velit soluta culpa sed.', 'Dr. Olaf ConnglZuGRvVqA', '183', 8, 'pending', NULL, '2023-03-02 16:50:05', '2023-03-02 16:50:05'),
(63, 'Winfield Stanton', 'Itaque enim et pariatur. Velit deleniti fuga nesciunt.', 'Mekhi O\'Kon MD0vGHgaCdPK', '134', 15, 'pending', NULL, '2023-03-02 16:50:05', '2023-03-02 16:50:05'),
(64, 'Pat Donnelly Jr.', 'Earum consectetur optio aliquam vero enim ea. A ut eos qui ex. Quia delectus ipsum consequatur ut.', 'Rahul Littel VHki1tHhEYv', '105', 10, 'pending', NULL, '2023-03-02 16:50:05', '2023-03-02 16:50:05'),
(65, 'Cleo Bartell', 'Nisi a dolore voluptatem quibusdam totam eaque. Ea quod quae itaque consectetur. Dolores error fugit quod repellat culpa qui.', 'Mr. Carmine Flatley Sr.rudFZQ234m', '132', 6, 'pending', NULL, '2023-03-02 16:50:05', '2023-03-02 16:50:05'),
(66, 'Dr. Joel Oberbrunner II', 'Hic sed accusamus veniam minima. Aliquid aliquam magni id in. Vel voluptatem a blanditiis veniam porro.', 'Wilhelmine StokesHQwz8sFKge', '121', 7, 'pending', NULL, '2023-03-02 16:50:05', '2023-03-02 16:50:05'),
(67, 'Ebba Pouros', 'Laboriosam enim veniam placeat beatae minus. Impedit qui sit odit laboriosam architecto recusandae similique.', 'Rolando MurazikKIJBDC0TRp', '147', 15, 'pending', NULL, '2023-03-02 16:50:05', '2023-03-02 16:50:05'),
(68, 'Ms. Tiana Hodkiewicz', 'Et saepe qui quis qui quo ut aliquam. Cum rem ut est iste.', 'Herminio OlsonPjBKHYjW38', '153', 7, 'pending', NULL, '2023-03-02 16:50:05', '2023-03-02 16:50:05'),
(69, 'Ms. Kyla Bode', 'Accusantium sit veritatis laudantium optio esse neque. Voluptatem nam non et eaque. Vitae tempora nesciunt sunt quidem sequi recusandae.', 'Frederic Kozey IV97OOioGFfS', '169', 13, 'pending', NULL, '2023-03-02 16:50:05', '2023-03-02 16:50:05'),
(70, 'Edwardo Schoen', 'Eos ratione molestiae illo. Tenetur ex eos id autem consectetur et et. Consectetur et dolorem hic molestiae.', 'Miss Janae Lesch Sr.3dUhwMHZlY', '143', 7, 'pending', NULL, '2023-03-02 16:50:05', '2023-03-02 16:50:05'),
(71, 'Reymundo Nolan', 'Ducimus dolor nostrum sint. Dolorum explicabo possimus voluptatem iure qui veniam eos. Et eum qui iure omnis. Modi accusamus eum ea eum quis.', 'Marlene Hesselp4g75SgL7u', '171', 10, 'pending', NULL, '2023-03-02 16:50:05', '2023-03-02 16:50:05'),
(72, 'Harvey O\'Kon', 'Non commodi minus rerum aliquam aut. Laudantium dolores corporis excepturi eligendi minima atque saepe. Quas voluptatem et quibusdam dolorem id.', 'Mr. Walker Block Jr.R43uOnUjNL', '190', 9, 'pending', NULL, '2023-03-02 16:50:05', '2023-03-02 16:50:05'),
(73, 'Prof. Enos Pacocha', 'Fugiat et et voluptas consequatur magni aut. Et sequi molestias voluptatem alias illo alias possimus tempore. Sit beatae incidunt optio.', 'Mr. Cecil White IV2xHh79Owzb', '133', 5, 'pending', NULL, '2023-03-02 16:50:05', '2023-03-02 16:50:05'),
(74, 'Frederique Stroman', 'Et molestias labore nostrum est qui. Nulla soluta est quae. Odio accusamus odio dolores ut et dolores harum.', 'Prof. Shania KemmerxzLg3UgQ7L', '172', 9, 'pending', NULL, '2023-03-02 16:50:05', '2023-03-02 16:50:05'),
(75, 'Mr. Hollis Boyer', 'Numquam quisquam ea atque odit natus. Ex rerum velit labore et eum qui. Praesentium eligendi sit et officia placeat.', 'Collin JaskolskiF0iAs3Urv1', '167', 5, 'pending', NULL, '2023-03-02 16:50:05', '2023-03-02 16:50:05'),
(76, 'Brandon Harber', 'Voluptatem ullam consequuntur quaerat rerum omnis ipsum. Eaque quae illum ab non quis. Aperiam magni aut consectetur nihil.', 'Mrs. Rosetta Kunze MDyE4uWYxGle', '149', 5, 'pending', NULL, '2023-03-02 16:50:29', '2023-03-02 16:50:29'),
(77, 'Dr. Macey Wolff Sr.', 'Quia et aspernatur velit et autem rerum. Harum distinctio impedit natus quas amet.', 'Mrs. Malika Von DDSqq5QbDE4xI', '105', 11, 'pending', NULL, '2023-03-02 16:50:29', '2023-03-02 16:50:29'),
(78, 'Skyla Schinner', 'Error est eaque est magnam incidunt et tempora. Quaerat quia ipsum quis nostrum iure sunt. Sed placeat optio suscipit sunt nisi.', 'Estell JohnstonTNMS1mleqn', '154', 14, 'pending', NULL, '2023-03-02 16:50:29', '2023-03-02 16:50:29'),
(79, 'Greta Terry', 'Veniam dolor ex eveniet quas. Amet expedita ut doloremque qui. Praesentium qui quia laboriosam explicabo earum. Aut quia omnis nulla reiciendis.', 'Prof. Tracey Streichp9v7KmtIMw', '161', 14, 'pending', NULL, '2023-03-02 16:50:29', '2023-03-02 16:50:29'),
(80, 'Dr. Jean Hessel Jr.', 'Quasi rerum amet corporis tenetur repellat. At dignissimos quia similique quaerat et. Quo commodi maxime maxime itaque nemo.', 'Stacey HaneiVuFS3V5E3', '173', 12, 'pending', NULL, '2023-03-02 16:50:29', '2023-03-02 16:50:29'),
(81, 'Dr. Alexandra D\'Amore MD', 'Et quaerat ullam in cupiditate eum est sunt. Assumenda sed laudantium ut voluptates ducimus aut. Fugiat est ea provident veniam.', 'Robin BeierfrOSqVBSuE', '115', 8, 'pending', NULL, '2023-03-02 16:50:29', '2023-03-02 16:50:29'),
(82, 'Jadon Watsica', 'Ut rerum quibusdam voluptas et recusandae omnis. Sed veritatis suscipit et provident voluptatem illum maxime. Et harum cum itaque culpa et earum.', 'Loraine KundeVpRJi86god', '102', 10, 'pending', NULL, '2023-03-02 16:50:29', '2023-03-02 16:50:29'),
(83, 'Dr. Madisen Durgan II', 'Debitis et non non expedita impedit. Voluptatem laudantium nobis nam ut adipisci nesciunt.', 'Ernest HomenickLs2iWNehRy', '135', 9, 'pending', NULL, '2023-03-02 16:50:29', '2023-03-02 16:50:29'),
(84, 'Prof. Kenton Goldner', 'Nulla impedit totam adipisci et ut iste. Temporibus illum saepe doloremque quam. Magni dolorum voluptatem quia at ut. Est cum rem voluptatem.', 'Harry O\'ConnerSrxNLypfVK', '111', 6, 'pending', NULL, '2023-03-02 16:50:29', '2023-03-02 16:50:29'),
(85, 'Dina Aufderhar', 'Officia omnis autem nesciunt incidunt dolorem. Id id magni tempore. Aspernatur doloremque rerum nisi placeat dolor eum.', 'Mr. Lamont Flatley Sr.QhpjXl32as', '195', 14, 'pending', NULL, '2023-03-02 16:50:29', '2023-03-02 16:50:29'),
(86, 'Halle Jacobson', 'Nostrum neque cupiditate nulla aut nihil. Ut aut dolorem quis non. Quia asperiores voluptatem aut molestiae inventore et quod.', 'Mr. Nils Labadie DDSz3iUjiYtJ3', '183', 12, 'pending', NULL, '2023-03-02 16:50:29', '2023-03-02 16:50:29'),
(87, 'Keegan Quigley Jr.', 'Rem ut repellat non ipsam sunt. Rerum mollitia rerum et et. Dolores vel qui est pariatur.', 'Mose HilpertwZvi18KQXe', '143', 15, 'pending', NULL, '2023-03-02 16:50:29', '2023-03-02 16:50:29'),
(88, 'Gia Mante', 'Sequi officiis impedit illum illo. Ut dolor ut debitis est quas. Facere non quidem perferendis.', 'Mr. Rhett Halvorson DDSd8jSIOTMsQ', '165', 15, 'pending', NULL, '2023-03-02 16:50:29', '2023-03-02 16:50:29'),
(89, 'Krystal Gutmann', 'Ea iste placeat est. Ipsa id aut omnis expedita et qui nobis minima. Aut eum aut cumque deserunt quasi aliquid.', 'Dawson Schulist Vn3M3eIPoqi', '172', 9, 'pending', NULL, '2023-03-02 16:50:29', '2023-03-02 16:50:29'),
(90, 'Daphnee Cremin', 'Cum ea asperiores quis veritatis modi qui. Similique ratione eum ea voluptate neque aliquid. Similique non dolorem mollitia quibusdam alias.', 'Marian NitzscheYwN0aP0y18', '116', 9, 'pending', NULL, '2023-03-02 16:50:29', '2023-03-02 16:50:29'),
(91, 'Winston Hudson III', 'Debitis voluptatem sit sed. Molestias consequuntur cupiditate et laboriosam consequatur.', 'Gust BergeXgBtA1p6wN', '112', 7, 'pending', NULL, '2023-03-02 16:54:34', '2023-03-02 16:54:34'),
(92, 'Mrs. Noemy Mueller', 'Iste sit quia et nemo. Officia numquam nesciunt sit earum et et eligendi saepe. Eaque a reprehenderit id.', 'Prof. Gretchen RobelkDgEARZba1', '183', 6, 'pending', NULL, '2023-03-02 16:54:34', '2023-03-02 16:54:34'),
(93, 'Dr. Sheridan Herman', 'Eum libero ducimus saepe est. Eos earum et modi beatae et aliquid. Numquam vitae dolores facere praesentium.', 'Guiseppe Johnston7U0mY57DbN', '129', 9, 'pending', NULL, '2023-03-02 16:54:34', '2023-03-02 16:54:34'),
(94, 'Robbie Botsford', 'Magni praesentium sunt eos aut officiis et. Unde alias esse ea ut. Aperiam est maiores est doloribus nesciunt. Assumenda culpa maiores earum.', 'Prof. Olen AufderharIjJC2vxJSl', '139', 9, 'pending', NULL, '2023-03-02 16:54:34', '2023-03-02 16:54:34'),
(95, 'Meggie Lemke', 'Quia numquam sed et ea facilis. Nihil neque consequatur et a. Voluptatum asperiores ut magnam.', 'Braeden Kuvalist6WfD6l9Ip', '198', 13, 'pending', NULL, '2023-03-02 16:54:34', '2023-03-02 16:54:34'),
(96, 'Earl Hilpert I', 'Quo officia minus qui qui. Sit commodi nobis sit fugiat numquam laudantium. Magni non aut voluptatum dolorem quas sed.', 'Dr. Rusty AbernathyPPBF2HCmwf', '191', 11, 'pending', NULL, '2023-03-02 16:54:34', '2023-03-02 16:54:34'),
(97, 'Brock Blanda DVM', 'Hic quasi veritatis non in distinctio. Illo qui et inventore. Qui quos esse ducimus harum placeat ipsa qui cupiditate.', 'Moses O\'Kon IVvKrExjWmHI', '160', 13, 'pending', NULL, '2023-03-02 16:54:34', '2023-03-02 16:54:34'),
(98, 'Ms. Verona DuBuque Jr.', 'Ipsam eum quod reiciendis facere consequatur. Labore saepe cupiditate iusto vel tempore.', 'Prof. Finn Hayes0EqyY0la65', '136', 10, 'pending', NULL, '2023-03-02 16:54:34', '2023-03-02 16:54:34'),
(99, 'Cordell Kihn', 'Aperiam ipsam perferendis accusamus totam temporibus eum veritatis. Possimus optio consectetur molestiae quia. Animi itaque ratione qui excepturi.', 'Norris KonopelskijsIcSVKrCm', '138', 9, 'pending', NULL, '2023-03-02 16:54:34', '2023-03-02 16:54:34'),
(100, 'Brittany Senger DDS', 'Debitis nulla sunt odit qui minima. Laborum laudantium ipsam eos recusandae magnam in. Accusamus rerum optio sint odit illo voluptatum.', 'Ms. Kathryn ConroyqYiMizKmJL', '182', 9, 'pending', NULL, '2023-03-02 16:54:34', '2023-03-02 16:54:34'),
(101, 'Timothy Bergnaum', 'Rerum doloribus necessitatibus et esse atque itaque. Sed accusamus et animi autem praesentium. Nulla velit iste tenetur maxime.', 'Mr. Grover WolfJtARzkuypi', '164', 5, 'pending', NULL, '2023-03-02 16:54:34', '2023-03-02 16:54:34'),
(102, 'Vickie Lebsack', 'Et qui quia et ipsam. Nemo minus earum temporibus quia qui odit. Fugit id culpa sequi repellat et a.', 'Cooper BoganEGva8WT97n', '183', 10, 'pending', NULL, '2023-03-02 16:54:34', '2023-03-02 16:54:34'),
(103, 'Gage Leuschke', 'Provident ipsa itaque sed rerum occaecati. Sequi sunt harum aut. Commodi facilis beatae et cum autem.', 'Maggie LubowitzIO3BkjMKzW', '175', 13, 'pending', NULL, '2023-03-02 16:54:34', '2023-03-02 16:54:34'),
(104, 'Avery Harber', 'Tenetur tenetur voluptas voluptatem cumque modi voluptatem. Qui commodi veritatis nemo aut velit rerum porro. Laboriosam est totam voluptas.', 'Prof. Kane Leffler Jr.th9eaefaDZ', '120', 14, 'pending', NULL, '2023-03-02 16:54:34', '2023-03-02 16:54:34'),
(105, 'Danny Bechtelar IV', 'At fuga aut quis repudiandae vel. Corrupti molestias voluptatem illum inventore aut beatae voluptatem. Atque quidem qui consequatur nobis non.', 'Schuyler KundebDtcvO74qd', '115', 5, 'pending', NULL, '2023-03-02 16:54:34', '2023-03-02 16:54:34'),
(106, 'Sterling Boyle', 'Quia labore praesentium deleniti quod architecto voluptas. Sit molestiae autem aut praesentium perferendis. Sunt minus saepe similique iusto sunt.', 'Jonatan ToyRY3amajzPS', '119', 12, 'pending', NULL, '2023-03-02 16:55:02', '2023-03-02 16:55:02'),
(107, 'Jensen Dicki DVM', 'Dolore non laborum officia id. Corrupti molestias molestiae autem omnis. Omnis dicta iste quo quia distinctio et.', 'Izabella MarquardtTebzZGRc9T', '198', 9, 'pending', NULL, '2023-03-02 16:55:02', '2023-03-02 16:55:02'),
(108, 'Mr. Rex Jacobi', 'Dignissimos culpa rerum officia nihil labore incidunt. Doloremque suscipit totam distinctio.', 'Clifton JacobsonhReohl6tdk', '169', 7, 'pending', NULL, '2023-03-02 16:55:02', '2023-03-02 16:55:02'),
(109, 'Ms. Kaylie Kertzmann IV', 'Animi labore eius rem. Non corporis soluta dolores et culpa ipsa est. Nisi facere dolorem quo et officiis. Similique aut sed vel voluptas quae.', 'Herbert Smith4cJl8EhP0Z', '152', 13, 'pending', NULL, '2023-03-02 16:55:02', '2023-03-02 16:55:02'),
(110, 'Verdie Rau', 'Sed incidunt tenetur fugit dicta qui sunt. Et nostrum nostrum autem omnis ex. Quia et delectus et ullam laboriosam velit qui officia.', 'Jerel Murphy Jr.B9uzVzFIVL', '165', 7, 'pending', NULL, '2023-03-02 16:55:02', '2023-03-02 16:55:02'),
(111, 'Maxime Watsica', 'Eum aut consequatur nisi. Omnis nemo autem ut dolore doloremque. Qui corporis cum architecto corrupti.', 'Jenifer TillmanhEsFIkRHNN', '145', 7, 'pending', NULL, '2023-03-02 16:55:02', '2023-03-02 16:55:02'),
(112, 'Mr. Davonte Hettinger', 'Consequatur ipsa dolor veniam. Ex aspernatur unde maiores id maxime nemo. Non necessitatibus ab quas adipisci aut.', 'Mittie DurgangZWJyqKgF8', '109', 10, 'pending', NULL, '2023-03-02 16:55:02', '2023-03-02 16:55:02'),
(113, 'Reagan Corkery', 'Officia magnam numquam qui quis quia est. Eum tempora est eum et fuga et architecto ea. Ut qui et doloribus odio architecto repellendus.', 'Tanya Welchdrzztl4IjJ', '176', 8, 'pending', NULL, '2023-03-02 16:55:02', '2023-03-02 16:55:02'),
(114, 'Westley Schaefer', 'Aut iste consequatur voluptates iusto vel autem. Dolor quibusdam non est voluptatem ut harum. Fuga quia nobis nostrum non vel.', 'Reilly Jerde DDSBA3WZSXIDQ', '133', 6, 'pending', NULL, '2023-03-02 16:55:02', '2023-03-02 16:55:02'),
(115, 'Miss Aaliyah Olson DDS', 'Incidunt et eaque ab beatae pariatur. Ut quam mollitia quidem libero. Neque ipsa tempora eos. Rerum ut eaque deserunt cumque architecto quod est.', 'Royce Cormier0rVIGuVAYM', '175', 10, 'pending', NULL, '2023-03-02 16:55:02', '2023-03-02 16:55:02'),
(116, 'Maverick O\'Kon IV', 'Laboriosam minus voluptatum nesciunt voluptas voluptas. Eum quo nobis fugit vitae ratione.', 'Dr. Columbus Reinger IheH2xudUu9', '145', 10, 'pending', NULL, '2023-03-02 16:55:02', '2023-03-02 16:55:02'),
(117, 'Hubert Heathcote', 'Ut aut ipsum blanditiis perspiciatis omnis dolorem voluptas qui. Dolorum provident laboriosam repellat aspernatur rem vero ex.', 'Roosevelt HegmannTknPkDsaGN', '110', 5, 'pending', NULL, '2023-03-02 16:55:02', '2023-03-02 16:55:02'),
(118, 'Reese Boyle', 'Non repudiandae harum consequatur. Esse velit cupiditate doloremque ut.', 'Arianna SchmidtfqTCDwG1CJ', '170', 13, 'pending', NULL, '2023-03-02 16:55:02', '2023-03-02 16:55:02'),
(119, 'Myrl Schinner', 'Officia officia commodi eaque. Similique nulla voluptatem cumque.', 'Osborne BahringerYwTsjRBrXp', '198', 12, 'pending', NULL, '2023-03-02 16:55:02', '2023-03-02 16:55:02'),
(120, 'Ms. Beryl Schaden', 'Vitae et nemo aut doloribus. Voluptas a est iste deserunt voluptatem.', 'Ariel Schulistq5UJjInLn0', '114', 7, 'pending', NULL, '2023-03-02 16:55:02', '2023-03-02 16:55:02'),
(121, 'Veda Cormier', 'Laudantium vel odio omnis qui voluptatem. Iure doloribus veniam minus sunt. Voluptatem ex suscipit qui fugit velit ut quos.', 'Darien MorissetteroAwVXSetl', '181', 15, 'pending', NULL, '2023-03-02 16:56:23', '2023-03-02 16:56:23'),
(122, 'Amber Boehm', 'Ut quos est voluptas nostrum doloribus. Corporis sit rerum vitae quae ipsam voluptatum omnis. Expedita ut et nostrum et rerum ratione quaerat.', 'Betsy Millsmb0WzTjOLa', '185', 9, 'pending', NULL, '2023-03-02 16:56:23', '2023-03-02 16:56:23'),
(123, 'Dr. Doris Anderson', 'Qui libero nihil est nam et. Quo consectetur consectetur sequi optio quibusdam cumque ducimus. Aliquam eum dolor dolores neque deleniti nobis.', 'Aurelia RohanKvi668nqGH', '188', 14, 'pending', NULL, '2023-03-02 16:56:23', '2023-03-02 16:56:23'),
(124, 'Jon Nikolaus', 'Et cumque quasi maiores autem. Consequatur qui ad asperiores possimus qui ea corporis. Voluptas labore illo soluta modi suscipit quasi nam.', 'Dr. Gail Jast III3HK1EfHnyc', '109', 11, 'pending', NULL, '2023-03-02 16:56:23', '2023-03-02 16:56:23'),
(125, 'Haskell Bauch', 'Quae facere et facilis facilis error labore. Enim iure consequatur soluta. Voluptatem ad quia et consequatur molestiae quae non.', 'Ludwig Dickens2Ogg16hsQJ', '160', 14, 'pending', NULL, '2023-03-02 16:56:23', '2023-03-02 16:56:23'),
(126, 'Loraine Wehner Jr.', 'Harum quas nemo sequi id. Ut itaque laudantium ut deleniti a. Commodi nostrum reprehenderit consequuntur quaerat tempora.', 'Athena Macejkovicwrl5T7ggfp', '181', 11, 'pending', NULL, '2023-03-02 16:56:23', '2023-03-02 16:56:23'),
(127, 'Yadira Marks', 'Sunt iusto et sint corrupti ducimus corrupti adipisci. Excepturi eius eos est officia autem sed. Quo est sint sint et enim dolor molestias.', 'Meggie Lynch V0HSnXIlG8N', '185', 14, 'pending', NULL, '2023-03-02 16:56:23', '2023-03-02 16:56:23'),
(128, 'Gene McGlynn I', 'Cum velit et distinctio non dolores sequi qui. Sequi quisquam numquam ab. Molestiae voluptas dolores repellat dolore.', 'Emely BoehmJr2KELQzol', '129', 14, 'pending', NULL, '2023-03-02 16:56:23', '2023-03-02 16:56:23'),
(129, 'Jacynthe Baumbach V', 'Amet ea doloribus porro et vel quasi odio quo. Nam adipisci alias dicta rem amet. Autem ratione ipsum dolor aut et ipsam voluptates.', 'Mrs. Lesly Fadel9J64mIGL16', '147', 12, 'pending', NULL, '2023-03-02 16:56:23', '2023-03-02 16:56:23'),
(130, 'Harold Schmitt', 'Fugiat at esse et est pariatur. Asperiores id aspernatur facilis doloremque. Nesciunt sequi est eos quis eveniet necessitatibus natus.', 'Linwood Barrows Jr.XRcQirt8HO', '110', 13, 'pending', NULL, '2023-03-02 16:56:23', '2023-03-02 16:56:23'),
(131, 'Mr. Humberto Metz', 'Labore temporibus nulla et cum ipsa asperiores. Velit nobis est harum aspernatur consequatur qui. Tenetur eaque sunt aspernatur sit.', 'Taryn Ondricka41EBU1kIaf', '111', 14, 'pending', NULL, '2023-03-02 16:56:23', '2023-03-02 16:56:23'),
(132, 'Prof. Jaiden Friesen Jr.', 'Iste delectus ducimus voluptate aut et quaerat praesentium. Sint alias beatae repellat.', 'Lavina Veum IV2nfzkWpdw5', '137', 14, 'pending', NULL, '2023-03-02 16:56:23', '2023-03-02 16:56:23'),
(133, 'Gertrude Olson', 'Dolores voluptates nesciunt iste et quia impedit. In accusantium ut similique quae qui expedita. Adipisci fugiat at et eum debitis totam.', 'Ms. Mafalda Rohan VFdoQ7e6dDY', '119', 12, 'pending', NULL, '2023-03-02 16:56:23', '2023-03-02 16:56:23'),
(134, 'Lurline Rowe PhD', 'Id nesciunt voluptatem molestiae repellendus libero. Et quas maxime odit earum et sint. Occaecati velit et possimus id illum consequatur.', 'Jayson KassulkeXu5yw3b8RS', '144', 9, 'pending', NULL, '2023-03-02 16:56:23', '2023-03-02 16:56:23'),
(135, 'Armando Renner DVM', 'Necessitatibus velit nulla dolore et odit aut. Accusantium amet mollitia enim possimus nihil ut. Neque natus recusandae ut nostrum amet in.', 'Alena Lakinnbvn0S5cnc', '198', 10, 'pending', NULL, '2023-03-02 16:56:23', '2023-03-02 16:56:23'),
(136, 'Lauretta Baumbach', 'Harum itaque qui harum unde ipsam rem. Odio sunt adipisci dignissimos necessitatibus eveniet.', 'Jazmyne LangwBDFOwVJnX', '102', 8, 'pending', NULL, '2023-03-02 17:04:20', '2023-03-02 17:04:20'),
(137, 'Alexandro Luettgen', 'Dolor dolores impedit qui est tenetur dolorem. Dolorem minus cum non iste labore molestias dignissimos earum.', 'Willa TowneYkqxO2wOsx', '155', 11, 'pending', NULL, '2023-03-02 17:04:20', '2023-03-02 17:04:20'),
(138, 'Ismael Gutmann I', 'Fuga et sequi numquam commodi aut. Quo qui expedita esse dolorum quo. Sit error quia voluptates ea numquam et voluptas omnis.', 'Prof. Tiffany Parisian DVMXpTp4nY9Dk', '155', 12, 'pending', NULL, '2023-03-02 17:04:20', '2023-03-02 17:04:20'),
(139, 'Antonietta McLaughlin', 'Temporibus et molestiae deleniti a perferendis nihil harum. Rerum labore voluptatem voluptatum minima deleniti.', 'Sibyl KozeyrqHvTkKiuu', '150', 8, 'pending', NULL, '2023-03-02 17:04:20', '2023-03-02 17:04:20'),
(140, 'Jaleel Wolf', 'Fugiat ducimus quis voluptatem ad asperiores labore iste. Omnis sed sint facere similique. Omnis consequatur dolores fugit ad nam.', 'Keshawn KeeblerWFBFUxwupx', '106', 7, 'pending', NULL, '2023-03-02 17:04:20', '2023-03-02 17:04:20'),
(141, 'Bo Weber', 'Adipisci fugit omnis animi non. Fuga non dignissimos nesciunt sed voluptatem mollitia.', 'Frederic FlatleyTWdXt6jCAS', '109', 12, 'pending', NULL, '2023-03-02 17:04:20', '2023-03-02 17:04:20'),
(142, 'Talon Macejkovic', 'Animi fuga rerum mollitia pariatur et ut. Aliquam accusantium quaerat aut et sunt et.', 'Phoebe GreenholtW1Ll2InoTm', '189', 5, 'pending', NULL, '2023-03-02 17:04:20', '2023-03-02 17:04:20'),
(143, 'Dr. Leslie Braun MD', 'Tempore incidunt numquam commodi. Fuga quos nostrum alias placeat aut molestias deserunt. Ratione beatae libero omnis et.', 'Lucile Swift DVMjXOCMhdsla', '127', 6, 'pending', NULL, '2023-03-02 17:04:20', '2023-03-02 17:04:20'),
(144, 'Rosa Koepp', 'Sequi vel mollitia dolorem nihil est. Sit et ipsa incidunt. Possimus sit distinctio nesciunt.', 'Juston MacejkovicDT6alKQhwD', '180', 15, 'pending', NULL, '2023-03-02 17:04:20', '2023-03-02 17:04:20'),
(145, 'Colton Osinski', 'Itaque nesciunt neque pariatur rerum facilis. Distinctio rem at non. Sed autem repellendus explicabo rerum eveniet.', 'Rahul FlatleyiFDFLzhUcx', '181', 12, 'pending', NULL, '2023-03-02 17:04:20', '2023-03-02 17:04:20'),
(146, 'Mr. Misael Gibson', 'In sunt repellat molestias et ratione tempora illo. Esse rerum quo excepturi earum. Non enim vel dolorem deserunt non aspernatur.', 'Noel WilkinsonbsPko4AMxn', '152', 8, 'pending', NULL, '2023-03-02 17:04:20', '2023-03-02 17:04:20'),
(147, 'Jeffery Moen', 'Sint repellendus est ducimus. Odit quia autem officia ex accusantium totam dolorem. Dolorem iure quos vel nihil quibusdam nemo quia.', 'Wilhelmine Buckridge PhDUcFMFEj3kS', '111', 7, 'pending', NULL, '2023-03-02 17:04:20', '2023-03-02 17:04:20'),
(148, 'Bradly Schaden', 'Rerum id perspiciatis cupiditate animi quae. In odit necessitatibus quae labore occaecati. Hic sit et reiciendis culpa non aliquid.', 'Ms. Hassie ErdmanJsdb29xcus', '190', 7, 'pending', NULL, '2023-03-02 17:04:20', '2023-03-02 17:04:20'),
(149, 'Jermaine Strosin', 'Mollitia similique occaecati officia odit dicta. Est ut nesciunt placeat ut ullam fugiat. Quae adipisci in eveniet.', 'Miss Jacinthe ReingerPjtrNDkI6w', '109', 12, 'pending', NULL, '2023-03-02 17:04:20', '2023-03-02 17:04:20'),
(150, 'Michale Kirlin', 'Nam assumenda at minus commodi ut excepturi corporis. Vero ipsum voluptatem aut hic ea. Beatae ullam corporis id autem error autem.', 'Chaz Roberts IIBPc7OL45Pf', '153', 5, 'pending', NULL, '2023-03-02 17:04:20', '2023-03-02 17:04:20'),
(151, 'Mrs. Eda Weissnat III', 'Nulla placeat distinctio praesentium dolores animi distinctio. Autem omnis deleniti vel assumenda. Nihil ut qui aliquid accusantium tempora fugiat.', 'Jayce ToyKxTqdelAdE', '162', 11, 'pending', NULL, '2023-03-02 17:04:51', '2023-03-02 17:04:51'),
(152, 'Casimir Willms', 'Repellat nihil provident saepe. Quaerat dolor inventore vero ipsa cupiditate.', 'Chasity Hudson DDS6Q1Tkawv0h', '144', 8, 'pending', NULL, '2023-03-02 17:04:51', '2023-03-02 17:04:51'),
(153, 'Chester Welch', 'Numquam officia at repellendus omnis et voluptatum. Nam dolores accusantium quia tenetur. Dolorem quae vero rem.', 'Dr. Bruce Blick I0i2EBAjfFy', '192', 10, 'pending', NULL, '2023-03-02 17:04:51', '2023-03-02 17:04:51'),
(154, 'Prof. Faustino Kozey II', 'Fugiat non et beatae labore asperiores dolor. Magni labore maiores quod aut.', 'Dovie RobertshD5KqAaoRl', '119', 6, 'pending', NULL, '2023-03-02 17:04:51', '2023-03-02 17:04:51'),
(155, 'Neil DuBuque', 'Eveniet eius non veniam tenetur sint non adipisci quaerat. Cum quia omnis est quod. Libero aut et dignissimos quis explicabo ipsum similique.', 'Mrs. Joanie Runolfsson Jr.5PByu6Ea7r', '167', 6, 'pending', NULL, '2023-03-02 17:04:51', '2023-03-02 17:04:51'),
(156, 'Trudie Hintz', 'Ipsa ipsam fuga expedita odit debitis. Pariatur dolorem hic dolores odit. Dolores mollitia rerum id voluptas.', 'Jeff LednerKoFblOuzuy', '187', 6, 'pending', NULL, '2023-03-02 17:04:51', '2023-03-02 17:04:51'),
(157, 'Titus Kunde', 'Suscipit rem quis sint soluta sunt labore. Velit quidem iste eligendi molestiae blanditiis aut. Ducimus unde quia in consectetur.', 'Dr. Laila Dietrich DDSyduiHMw32l', '147', 11, 'pending', NULL, '2023-03-02 17:04:51', '2023-03-02 17:04:51'),
(158, 'Leda Wyman', 'Consequatur voluptatem excepturi voluptas ea. Fugit sint omnis doloribus alias optio nemo.', 'Rex Bartelln7IiAWg7cK', '197', 13, 'pending', NULL, '2023-03-02 17:04:51', '2023-03-02 17:04:51'),
(159, 'Marilie Sipes', 'Voluptas veniam ut deserunt. Nisi et minima corrupti porro ut aut sint magnam. Quis deserunt molestiae veniam mollitia corrupti labore voluptate.', 'Minerva Ernser2essL0OYvN', '160', 11, 'pending', NULL, '2023-03-02 17:04:51', '2023-03-02 17:04:51'),
(160, 'Prof. Bennett Hamill V', 'Aut vel repellendus culpa omnis. Iure aut similique suscipit aut quia. Harum sint dolore aspernatur saepe corrupti.', 'Silas Blick DDSIT34ELsvl0', '147', 13, 'pending', NULL, '2023-03-02 17:04:51', '2023-03-02 17:04:51'),
(161, 'Mrs. Brooke Kovacek Sr.', 'Dicta quia incidunt est veniam. Est blanditiis aut est beatae ad placeat repudiandae. Fuga et quo qui et. Quis est a eaque alias.', 'Mr. Leonel Rutherford9F8RTVrcPG', '107', 13, 'pending', NULL, '2023-03-02 17:04:51', '2023-03-02 17:04:51'),
(162, 'Georgette Russel', 'Quibusdam dolor fuga vel harum autem temporibus. Et vitae quia qui et et voluptatibus debitis consequuntur.', 'Mae YostPE02dRYlh9', '175', 6, 'pending', NULL, '2023-03-02 17:04:51', '2023-03-02 17:04:51'),
(163, 'Prof. Eliezer Mertz V', 'Ipsum non maiores debitis rerum quaerat sapiente. Facere doloribus occaecati quidem ut. Repellendus iste molestiae dolores veritatis commodi.', 'Dr. Stephan Wolff Jr.38tOzGgcZV', '121', 14, 'pending', NULL, '2023-03-02 17:04:51', '2023-03-02 17:04:51'),
(164, 'Miss Kristy Turcotte', 'Tempora fugiat assumenda fugit dolor sequi provident. Totam rerum vel quaerat laboriosam enim. Reprehenderit sint ut id vitae.', 'Harry SanfordetaWXejQQo', '106', 11, 'pending', NULL, '2023-03-02 17:04:51', '2023-03-02 17:04:51'),
(165, 'Rashad Dietrich', 'Ratione commodi rem delectus magnam. Fugit aut unde illum minima iste corporis. Deserunt fugiat qui vel.', 'Mr. Vaughn Stroman VpeCfKRcXR2', '199', 6, 'pending', NULL, '2023-03-02 17:04:51', '2023-03-02 17:04:51'),
(166, 'Ms. Alize Stiedemann', 'Deserunt temporibus itaque minus amet nesciunt explicabo. Itaque ut assumenda nemo nihil neque nulla mollitia quibusdam.', 'Prof. Wilber Bogisichy2Y0drfOiX', '109', 10, 'pending', NULL, '2023-03-02 17:05:26', '2023-03-02 17:05:26'),
(167, 'Libbie Gulgowski', 'Vel facere suscipit ut et. Autem qui quis amet voluptatem. Sit quam voluptatibus a. Minima architecto libero consectetur et sunt qui id.', 'Genesis DarePyCsc9FOe3', '116', 5, 'pending', NULL, '2023-03-02 17:05:26', '2023-03-02 17:05:26'),
(168, 'Lorena Buckridge', 'Quisquam unde blanditiis sit repudiandae debitis ea. Dolore qui quidem temporibus enim.', 'Prof. Hilton Gislason Jr.EdSwv9a1uC', '170', 13, 'pending', NULL, '2023-03-02 17:05:26', '2023-03-02 17:05:26'),
(169, 'Marcelo Toy', 'Animi temporibus qui dolorum tempore corrupti. Cum rerum at eaque dolor dolorum qui vero. Ut non voluptas error. Culpa impedit excepturi sit esse.', 'Hope RunteeAsjvgRkzP', '128', 8, 'pending', NULL, '2023-03-02 17:05:26', '2023-03-02 17:05:26'),
(170, 'Jacinthe Cummerata', 'Quae non quisquam quas non iste. Quo nihil velit et explicabo reiciendis aut. Soluta rerum est eaque fuga possimus.', 'Emmy BashirianRW1rwAieP0', '191', 15, 'pending', NULL, '2023-03-02 17:05:26', '2023-03-02 17:05:26'),
(171, 'Rodrigo Ernser', 'In quia vel non aperiam perferendis vel hic. In ipsum aperiam sint quia ipsa.', 'Alexys Deckow4TATp8v1Hv', '155', 15, 'pending', NULL, '2023-03-02 17:05:26', '2023-03-02 17:05:26'),
(172, 'Mr. Johnathon Veum MD', 'Voluptates ea voluptas deleniti repellendus molestias laborum at. Illo rem ipsam ut enim. Quia hic ipsam eligendi ipsa enim dolorem.', 'Weldon MarvinMdOmns2net', '133', 14, 'pending', NULL, '2023-03-02 17:05:26', '2023-03-02 17:05:26'),
(173, 'Orlando Hansen', 'Ea ipsum et vel ullam voluptas. Eos et rerum tempore consequatur occaecati voluptatibus dolor. Cumque molestiae ab aliquid sint minus.', 'Elna BruenMFY9FKP9jl', '176', 15, 'pending', NULL, '2023-03-02 17:05:26', '2023-03-02 17:05:26'),
(174, 'Rosalee McKenzie', 'Sint consequuntur quaerat occaecati consequatur deserunt harum. Aut sint rem nobis. Enim soluta iure rerum voluptates.', 'Prof. Veda Satterfield VR6G8uSRETo', '177', 6, 'pending', NULL, '2023-03-02 17:05:26', '2023-03-02 17:05:26'),
(175, 'Henriette Davis', 'Aliquid rerum modi dolorem unde reiciendis. In sequi non quasi rerum unde. Quia sint ea velit expedita.', 'Franz O\'Keefe PhD8rIfyi8Cde', '177', 13, 'pending', NULL, '2023-03-02 17:05:26', '2023-03-02 17:05:26'),
(176, 'Orval Cronin I', 'Expedita dolorem nam ullam at eligendi numquam. Sed aliquam amet ex est doloribus assumenda. Pariatur aut quia laborum.', 'Queenie Wolff IyTUxDaJ0Xm', '103', 9, 'pending', NULL, '2023-03-02 17:05:26', '2023-03-02 17:05:26'),
(177, 'Buddy Deckow DDS', 'Voluptas enim eos nihil enim quidem est. Earum vitae a quod eaque. Minus aliquam ea ea ad non aut.', 'Janie BartoneWGts0UGoc', '192', 7, 'pending', NULL, '2023-03-02 17:05:26', '2023-03-02 17:05:26'),
(178, 'Breanna Tillman', 'Est tempora qui id numquam. Consequatur perspiciatis et voluptatem aliquid voluptate quis ut. Vero nihil blanditiis nihil.', 'Cloyd Veum DVMJlLrZKYRL4', '100', 9, 'pending', NULL, '2023-03-02 17:05:26', '2023-03-02 17:05:26'),
(179, 'Jewel Feil', 'Necessitatibus quisquam molestiae est suscipit quo magni. Maiores cum rem vitae. Quibusdam assumenda et at eos quia. Aperiam quod at enim harum.', 'Adolfo Becker V1FZh6KqW5G', '165', 5, 'pending', NULL, '2023-03-02 17:05:26', '2023-03-02 17:05:26'),
(180, 'Dave Leffler Sr.', 'Aut et aut voluptates nemo repellat nam. Rem sit ut culpa dicta ea. Corporis non debitis maxime nobis laboriosam autem voluptatem.', 'Violette Murphy0yyXQjqYts', '119', 9, 'pending', NULL, '2023-03-02 17:05:26', '2023-03-02 17:05:26'),
(181, 'Laurie Runolfsdottir', 'Praesentium eum ut voluptas iure maiores iste magni. Quam et aut dolorem laborum. Delectus adipisci optio ut. Et sunt beatae aliquid illo ab.', 'Aliza D\'Amorejm2arRNDOO', '125', 11, 'pending', NULL, '2023-03-02 17:06:09', '2023-03-02 17:06:09'),
(182, 'Miss Alena Waters', 'Similique et labore quis consequuntur. Optio excepturi dolore nisi recusandae amet sequi id ipsam. Fugit vel ut nobis quia mollitia sed.', 'Ernie WelchSEsH7u1txv', '159', 15, 'pending', NULL, '2023-03-02 17:06:09', '2023-03-02 17:06:09'),
(183, 'Dorothy Ward', 'Similique provident ipsam praesentium. Recusandae beatae ducimus ea. Et dolorem est dolorum et. Laborum quia sunt beatae dicta.', 'Prof. Mackenzie Turner IIQwexivQ01Y', '186', 15, 'pending', NULL, '2023-03-02 17:06:09', '2023-03-02 17:06:09'),
(184, 'Walter Ebert', 'Incidunt rem possimus molestiae voluptates rerum ut ea. Qui illo velit id quam. Sapiente in enim voluptatem ipsam repellendus qui.', 'Elmer Adams IIITSZzhREZtB', '182', 13, 'pending', NULL, '2023-03-02 17:06:09', '2023-03-02 17:06:09'),
(185, 'Mrs. Kavon Toy Sr.', 'Beatae voluptatum quis vero sit. Ducimus facere nam vel quia minus et pariatur. Omnis eum pariatur deleniti cupiditate enim soluta.', 'Prof. Sibyl PfannerstillniDmEDog6Y', '178', 15, 'pending', NULL, '2023-03-02 17:06:09', '2023-03-02 17:06:09'),
(186, 'Brayan Cormier', 'Facere laboriosam harum aut fugiat debitis. Ea nesciunt facere architecto neque et officia. Aut expedita voluptatum omnis occaecati.', 'Hazel Labadie Jr.E7BMQt2eZj', '196', 9, 'pending', NULL, '2023-03-02 17:06:09', '2023-03-02 17:06:09'),
(187, 'Dr. Annamarie Smitham', 'Quod aliquam expedita velit. Pariatur et in ipsum sed asperiores consequuntur eaque culpa. Id accusamus architecto praesentium vel nulla a nam.', 'Catharine Connelly IIiEPF04aPC8', '103', 5, 'pending', NULL, '2023-03-02 17:06:09', '2023-03-02 17:06:09'),
(188, 'Deven Goyette', 'Sapiente voluptatem enim ab veniam labore. Repellat qui voluptatem aspernatur saepe et id. Delectus doloremque id dolor quibusdam eligendi autem.', 'Jasper Schusterjhk8eOMY4G', '187', 13, 'pending', NULL, '2023-03-02 17:06:09', '2023-03-02 17:06:09'),
(189, 'Felton Gerlach', 'Dolorum quibusdam minus est adipisci. Facilis explicabo nemo molestias. Omnis sequi ab qui explicabo ut. Ad fugit quaerat animi dolor.', 'Dr. Diamond Moore DDSNn6DrAMsPw', '158', 8, 'pending', NULL, '2023-03-02 17:06:09', '2023-03-02 17:06:09'),
(190, 'Darlene Gulgowski', 'Nulla officiis doloremque dolorem voluptas nemo non. Nihil amet ad aut quia ipsa libero. Consectetur aut alias rerum harum.', 'Prof. Dalton RodriguezSTcMU2lxCT', '104', 13, 'pending', NULL, '2023-03-02 17:06:09', '2023-03-02 17:06:09'),
(191, 'Prof. Markus Wiegand Jr.', 'Cum qui vel omnis eveniet. Nihil sed totam in facilis aut. Ut nihil dignissimos nisi eius. Molestias voluptas vel nihil quisquam et et corrupti.', 'Seth CarrolleHDGEqKgGD', '128', 12, 'pending', NULL, '2023-03-02 17:06:09', '2023-03-02 17:06:09'),
(192, 'Bertrand Sanford', 'Vel sapiente illo ipsum est voluptatem. Quasi laboriosam et sunt. Aut sunt omnis vitae cum. Mollitia aspernatur nobis ipsam quia temporibus sequi.', 'Caleb BuckridgeZ9RWOFDH90', '130', 8, 'pending', NULL, '2023-03-02 17:06:09', '2023-03-02 17:06:09'),
(193, 'Dr. Syble Schowalter DVM', 'Unde eius sint dolorem aut ut nisi. Velit voluptas enim rerum ipsam saepe voluptatem eos. Aliquam vero eius ratione eum autem et.', 'Bill O\'HaraeoFu47Ms4Z', '179', 15, 'pending', NULL, '2023-03-02 17:06:09', '2023-03-02 17:06:09'),
(194, 'Betty Bauch', 'Tempore magni voluptas consequuntur officiis illo molestiae amet. Magnam laudantium soluta doloremque asperiores ad labore maiores quia.', 'Lew Homenick IVzD1CWMPgr1', '152', 14, 'pending', NULL, '2023-03-02 17:06:09', '2023-03-02 17:06:09'),
(195, 'Newell Waters', 'Eligendi et illo nesciunt error neque nihil ullam. Officia reprehenderit quia animi at cum qui et. Atque totam sequi eveniet aut illo voluptatem.', 'Dr. Katharina Luettgen Jr.FPrsOGEaaQ', '149', 8, 'pending', NULL, '2023-03-02 17:06:09', '2023-03-02 17:06:09'),
(196, 'Wilhelmine Bailey DVM', 'Velit modi nihil similique repudiandae dolorum qui voluptate voluptas. Vel qui molestiae nam possimus. Hic nam nemo itaque qui deserunt.', 'Abbey Brown IIBbRiEmOF8n', '158', 9, 'pending', NULL, '2023-03-02 17:06:31', '2023-03-02 17:06:31'),
(197, 'Alexandrine Moen', 'Sint repudiandae officia praesentium dolor. Non ipsam molestiae qui tempora eos magni. Qui debitis laboriosam sit dolorem.', 'Gilda HartmannxzhRJuNeph', '161', 6, 'pending', NULL, '2023-03-02 17:06:31', '2023-03-02 17:06:31');
INSERT INTO `products` (`id`, `title`, `discription`, `slug`, `amount`, `current`, `status`, `deleted_at`, `created_at`, `updated_at`) VALUES
(198, 'Thalia Kuphal DVM', 'Consequatur soluta sequi itaque laborum. Qui occaecati labore et tempora et est blanditiis ullam. Nulla est illo modi omnis voluptatem.', 'Reed LeuschkeR5jSeRMYFY', '199', 6, 'pending', NULL, '2023-03-02 17:06:31', '2023-03-02 17:06:31'),
(199, 'Margaret Hartmann MD', 'Id qui ut tempora eaque et delectus. Qui alias quisquam eaque reiciendis. Eius ipsa magni aut est.', 'Macie SmithRGnKAnEbzC', '130', 15, 'pending', NULL, '2023-03-02 17:06:31', '2023-03-02 17:06:31'),
(200, 'Tomasa Rosenbaum PhD', 'Commodi qui facilis et accusantium laborum consequatur. Voluptates architecto sapiente facere repellat. Minus quia quis sed nihil est adipisci.', 'Mireya Douglas IIoDbSwed0Ak', '167', 12, 'pending', NULL, '2023-03-02 17:06:31', '2023-03-02 17:06:31'),
(201, 'Nestor Yost', 'Similique error in alias qui dolorum odit. Est unde harum et quis similique omnis. Voluptas eius repellat voluptatem modi nisi est.', 'Anibal PourosZfmSE71Cxo', '129', 14, 'pending', NULL, '2023-03-02 17:06:31', '2023-03-02 17:06:31'),
(202, 'Gillian Schamberger', 'Blanditiis sed aliquam itaque et fuga qui. Temporibus dolor fuga fuga nesciunt ea quae animi nulla.', 'Faye AufderharkxY01k2VxZ', '139', 12, 'pending', NULL, '2023-03-02 17:06:31', '2023-03-02 17:06:31'),
(203, 'Tianna Walter', 'Qui delectus modi accusamus ipsum delectus commodi. Enim explicabo aperiam dolores sed.', 'Trisha Langosh5pQpCPcPd3', '142', 9, 'pending', NULL, '2023-03-02 17:06:31', '2023-03-02 17:06:31'),
(204, 'Mallie Kuhic', 'Eos nemo consequuntur qui alias sint. Accusamus deserunt sit earum veritatis. Maiores nulla laboriosam aut veniam. Aspernatur voluptas aut amet amet.', 'Jayson WehnerA7HC1Gv5I7', '111', 7, 'pending', NULL, '2023-03-02 17:06:31', '2023-03-02 17:06:31'),
(205, 'Yoshiko White', 'Officiis ea ullam iste illo consequatur. At quia ea eligendi ut eius. Quaerat iusto optio molestiae sed impedit explicabo.', 'Harold LockmanFfMo9EcnMc', '173', 8, 'pending', NULL, '2023-03-02 17:06:31', '2023-03-02 17:06:31'),
(206, 'Sally Smitham', 'Sed eius ab architecto voluptas vero ea voluptatum provident. Sed est omnis esse dolor est libero accusamus. Sequi velit veritatis hic iure.', 'Jerrod TurcotteJyI2cHojAM', '200', 7, 'pending', NULL, '2023-03-02 17:06:31', '2023-03-02 17:06:31'),
(207, 'Prof. Mohamed Batz Jr.', 'In et possimus tempore molestiae error et. Itaque suscipit doloribus minus vitae recusandae esse eaque.', 'Sheldon Gibson IISKElq0PzXe', '193', 5, 'pending', NULL, '2023-03-02 17:06:31', '2023-03-02 17:06:31'),
(208, 'Filiberto Lehner', 'Aspernatur inventore nihil voluptas impedit occaecati nulla quaerat quidem. Quis maxime aut ea fugit. Quia assumenda et ut velit ipsam.', 'Dr. Kitty Green VmvnuX7cDBi', '162', 6, 'pending', NULL, '2023-03-02 17:06:31', '2023-03-02 17:06:31'),
(209, 'Garry Braun', 'Enim molestiae quo repellat sint incidunt voluptatem. Voluptatem voluptatum corporis nam ut harum earum voluptas.', 'Pattie WiegandlbRksYrLpo', '162', 11, 'pending', NULL, '2023-03-02 17:06:31', '2023-03-02 17:06:31'),
(210, 'Elaina Cruickshank', 'Dolor autem ratione exercitationem nam facilis. Sed enim dolor ea quam. Aut sunt molestiae ipsam qui. Vero odio alias non quia sed in accusamus.', 'Pedro GreeneKzwpnWb5J', '147', 15, 'pending', NULL, '2023-03-02 17:06:31', '2023-03-02 17:06:31'),
(211, 'Carson Johnston', 'Itaque est at est quaerat maxime. Et dolorem vero porro ad aut autem velit. Totam rerum quisquam nam maxime quis iste qui voluptas.', 'Manuel PfannerstillYjeC0EqBru', '109', 5, 'pending', NULL, '2023-03-02 17:07:27', '2023-03-02 17:07:27'),
(212, 'Lauryn Kutch II', 'Adipisci numquam dolore labore voluptatem. Assumenda commodi velit dignissimos explicabo qui veritatis.', 'Ms. Eda MuellerFb1JpqTjrK', '139', 14, 'pending', NULL, '2023-03-02 17:07:27', '2023-03-02 17:07:27'),
(213, 'Ayden Murphy', 'Eius in et ut eum ducimus odit perspiciatis. Rerum molestiae omnis fugit beatae. Quas ipsum praesentium rem quia quo. Autem sed ut voluptatem quia.', 'Edward DachQtfbLWN58x', '151', 7, 'pending', NULL, '2023-03-02 17:07:27', '2023-03-02 17:07:27'),
(214, 'Kurtis Lynch', 'Et illum facere quas ratione. Et voluptatem sint accusamus corporis molestias nam dolorem. Dolorum aperiam non voluptates officiis qui laborum.', 'Dr. Keagan DickinsonMqcXPCU4oe', '175', 8, 'pending', NULL, '2023-03-02 17:07:27', '2023-03-02 17:07:27'),
(215, 'Prof. Bernhard Hills', 'Maxime libero et et repellendus tenetur. Magni numquam rerum ipsa dicta. Nesciunt omnis est occaecati vitae ut. Quis sed ut nobis magni animi non.', 'Ernestina McKenziewAaEzEMgr2', '168', 6, 'pending', NULL, '2023-03-02 17:07:27', '2023-03-02 17:07:27'),
(216, 'Mr. Misael Muller', 'Exercitationem commodi saepe sunt consequatur nam. Reprehenderit exercitationem natus facere illo blanditiis.', 'Lelah RueckerB06De1RYX5', '108', 9, 'pending', NULL, '2023-03-02 17:07:27', '2023-03-02 17:07:27'),
(217, 'Kayley Bechtelar', 'Enim eos corrupti quia quasi quam placeat. Quae sed quia doloremque libero ipsa. Ad ut placeat deserunt amet qui.', 'Hilton BotsfordrSnMdCtKWS', '125', 9, 'pending', NULL, '2023-03-02 17:07:27', '2023-03-02 17:07:27'),
(218, 'Jessika Schoen', 'Quia consequatur fuga numquam sit. Neque recusandae ducimus unde sed quod iure eligendi maiores. Quasi modi corporis temporibus eligendi et rerum.', 'Orville KulasBFdKgeLb61', '155', 9, 'pending', NULL, '2023-03-02 17:07:27', '2023-03-02 17:07:27'),
(219, 'Lula Hayes DDS', 'Sequi aut cum qui. Accusamus debitis ut aperiam aperiam nisi. Tempora nihil aut tempora in occaecati voluptatem quae.', 'Audrey Carterfip9EJK929', '139', 6, 'pending', NULL, '2023-03-02 17:07:27', '2023-03-02 17:07:27'),
(220, 'Bettye Doyle', 'Repellendus consequuntur ducimus et. Ut rerum aut omnis dignissimos non. Ullam autem natus autem nulla optio pariatur aut.', 'Citlalli ZiemannNv1DofmqTk', '124', 11, 'pending', NULL, '2023-03-02 17:07:27', '2023-03-02 17:07:27'),
(221, 'Isabelle Schneider', 'Minima ipsam voluptatum atque odit provident. Architecto placeat quia hic. Et et quia cupiditate voluptas pariatur vero.', 'Ms. Yvonne Berge Jr.mfDklGvTJI', '136', 5, 'pending', NULL, '2023-03-02 17:07:27', '2023-03-02 17:07:27'),
(222, 'Desiree Balistreri', 'Et a non autem qui et pariatur. In maxime natus fuga suscipit sint eos. Dolorem quae nobis porro nihil est odio.', 'Jeffry FayZnkS3wYW47', '113', 13, 'pending', NULL, '2023-03-02 17:07:27', '2023-03-02 17:07:27'),
(223, 'Mrs. Meaghan Cole', 'Molestiae consectetur dolores voluptas adipisci natus id vero. Ut beatae eius repudiandae placeat natus. Necessitatibus assumenda vero harum.', 'Ethelyn Ullrich4Ygdu4RSkQ', '106', 12, 'pending', NULL, '2023-03-02 17:07:27', '2023-03-02 17:07:27'),
(224, 'Celestino Kilback IV', 'Sequi deserunt enim sint laboriosam ut pariatur. Excepturi ab quis exercitationem nisi tempora. Et possimus placeat autem neque cumque.', 'Mrs. Maudie Weimann IUjxmaLzlmv', '193', 15, 'pending', NULL, '2023-03-02 17:07:27', '2023-03-02 17:07:27'),
(225, 'Dr. Mona Sipes', 'Aliquid quia possimus sit sed reprehenderit qui commodi. Doloremque quia dolore nostrum ut quo ab enim. Sit et ea repellendus magni corrupti fugiat.', 'Trent ChristiansenHsPzZ8Z0w2', '108', 10, 'pending', NULL, '2023-03-02 17:07:27', '2023-03-02 17:07:27'),
(226, 'Dr. Romaine Senger', 'Consequatur voluptatem odio ratione. At et voluptate ut est nobis doloremque. Assumenda velit repellendus rerum sapiente.', 'Wava Hamillv0MYPWg0xc', '143', 10, 'pending', NULL, '2023-03-02 17:07:53', '2023-03-02 17:07:53'),
(227, 'Judah Kuhic', 'Ad consequatur non nesciunt doloribus accusamus adipisci. Recusandae nam corporis consequatur.', 'Florine Connelly Jr.PzYi9SHo9J', '105', 9, 'pending', NULL, '2023-03-02 17:07:53', '2023-03-02 17:07:53'),
(228, 'Percy Blanda', 'Quibusdam nesciunt ratione voluptatibus commodi recusandae quos. Et quia id autem rem illo. Esse aut fugiat excepturi.', 'Godfrey ZulaufsttIwkBfyu', '124', 7, 'pending', NULL, '2023-03-02 17:07:53', '2023-03-02 17:07:53'),
(229, 'Cierra Schmeler III', 'Provident aspernatur officia vitae nostrum. Facilis voluptatum qui quis et et ea et.', 'Linnea Parker3Q9k9fD0ut', '154', 10, 'pending', NULL, '2023-03-02 17:07:53', '2023-03-02 17:07:53'),
(230, 'Eula Hyatt III', 'Tempora sit minima quis eaque. Fugiat qui perferendis in debitis omnis voluptatem. Fugit dolores rerum odio beatae ad reprehenderit quis nam.', 'Leonora WalterhgShCzgxSG', '119', 9, 'pending', NULL, '2023-03-02 17:07:53', '2023-03-02 17:07:53'),
(231, 'Ms. Carissa Reynolds', 'Odio optio excepturi earum illo. Culpa voluptas sit eos ex.', 'Candida HamillHi1kVZdG1M', '159', 10, 'pending', NULL, '2023-03-02 17:07:53', '2023-03-02 17:07:53'),
(232, 'Frieda Kris III', 'Ut asperiores necessitatibus aut nihil eos ut. Quasi fugiat earum quae eaque quo ipsam. Enim aut ducimus est fuga sint sint.', 'Talia SchuppeQecozhRu36', '157', 8, 'pending', NULL, '2023-03-02 17:07:53', '2023-03-02 17:07:53'),
(233, 'Alisha Schoen', 'Consequatur sit enim reiciendis exercitationem. Dolore dolores id incidunt velit ullam. Quo sint quis maiores asperiores.', 'Rickie PadbergCYzftK3rTV', '133', 10, 'pending', NULL, '2023-03-02 17:07:53', '2023-03-02 17:07:53'),
(234, 'Dr. Bobby Hahn', 'Earum mollitia nulla est sit quisquam. Sit aliquid suscipit quisquam ea aliquam corporis. Ex modi est maiores est.', 'Meta GloverShesNUm2eO', '133', 11, 'pending', NULL, '2023-03-02 17:07:53', '2023-03-02 17:07:53'),
(235, 'Edward Kovacek', 'At repudiandae soluta rerum impedit ut. Deserunt totam omnis facere consequatur. Dolores error sit non ipsum voluptatem molestiae facere.', 'Prof. Luis Jast VT0GyKgY8r6', '100', 10, 'pending', NULL, '2023-03-02 17:07:53', '2023-03-02 17:07:53'),
(236, 'Lauren Orn', 'Eaque et rem voluptate ab cupiditate aut. Aliquid debitis sit nobis. Illum ut quia est aut nihil sit.', 'Prof. Vilma SpinkarvzcsJK48O', '164', 15, 'pending', NULL, '2023-03-02 17:07:53', '2023-03-02 17:07:53'),
(237, 'Stan Langworth', 'Vel incidunt accusamus praesentium omnis eos quas reprehenderit. Illum alias qui perferendis omnis. Numquam vitae voluptatum officia nulla adipisci.', 'Madisyn GoodwinZhyGpqJdGQ', '130', 11, 'pending', NULL, '2023-03-02 17:07:53', '2023-03-02 17:07:53'),
(238, 'Dr. Garnet Medhurst', 'Fugit ex temporibus ut voluptatem et ea. A deserunt sunt id deserunt. Et autem hic adipisci quia facere sequi.', 'Josiane SchillerUV5Mzh059R', '172', 6, 'pending', NULL, '2023-03-02 17:07:53', '2023-03-02 17:07:53'),
(239, 'Dr. Khalil Kovacek II', 'Eligendi iure est et architecto. Quia in veniam quos eos fugit. Laboriosam sit modi consequatur.', 'Elena BoehmV6b6hnRoNL', '121', 5, 'pending', NULL, '2023-03-02 17:07:53', '2023-03-02 17:07:53'),
(240, 'Prof. Angelo Ebert I', 'Quo at amet rerum assumenda minima repellat aut. Eaque autem ut praesentium sapiente aut quia ex reiciendis. Sed repudiandae at qui laudantium.', 'Ms. Lucienne Fritsch I0cWuOSFvhX', '114', 8, 'pending', NULL, '2023-03-02 17:07:53', '2023-03-02 17:07:53'),
(241, 'Adrianna Willms', 'Impedit et nihil suscipit ut sed. Nihil velit dolore ut perspiciatis. Iusto dicta quas vitae molestiae. Id doloremque possimus itaque voluptatibus.', 'Guiseppe Morissette3N70vwdA2G', '167', 7, 'pending', NULL, '2023-03-02 17:09:28', '2023-03-02 17:09:28'),
(242, 'Keenan Herman III', 'Et magni commodi aliquid provident soluta quo impedit vel. Voluptate aut quasi adipisci officiis. Non nihil id laboriosam.', 'Eldon HammeskAzeZy3QeT', '141', 10, 'pending', NULL, '2023-03-02 17:09:28', '2023-03-02 17:09:28'),
(243, 'Quinten Ortiz', 'Est earum optio architecto quaerat esse tenetur accusamus. Expedita quis dolores maxime.', 'Hadley RempelZEkAoINJ4x', '107', 15, 'pending', NULL, '2023-03-02 17:09:28', '2023-03-02 17:09:28'),
(244, 'Cyril Koepp', 'Quae at error harum magnam. Itaque facilis totam quo magnam natus qui. Facere enim numquam ea harum sed quas.', 'Anita Schmeler PhDtqIaNySfd9', '105', 9, 'pending', NULL, '2023-03-02 17:09:28', '2023-03-02 17:09:28'),
(245, 'Devonte Walker', 'Atque dolores debitis blanditiis eligendi. Molestiae esse non vitae eius at cum autem. Labore omnis qui voluptatem aspernatur suscipit.', 'Prof. Bianka Blanda PhDB67n4tCuZX', '150', 15, 'pending', NULL, '2023-03-02 17:09:28', '2023-03-02 17:09:28'),
(246, 'Ebony Kunze', 'Vel repellendus ea et dolore ut ratione quo voluptatem. Quasi nemo iusto officiis. Veritatis molestiae similique asperiores nostrum quos id.', 'Trisha Blandaba7ypjSQrS', '148', 9, 'pending', NULL, '2023-03-02 17:09:28', '2023-03-02 17:09:28'),
(247, 'Prof. Vergie Windler V', 'Iusto deleniti quo nesciunt et ducimus iusto. Sit minus consequatur quasi modi eum quod. Ipsum reprehenderit debitis voluptas assumenda.', 'Darrin Sanford DVMQ5vyEaeVNV', '167', 13, 'pending', NULL, '2023-03-02 17:09:28', '2023-03-02 17:09:28'),
(248, 'Nicole Hudson II', 'Qui perferendis quo et enim adipisci ut. Nihil quas veritatis aut aut reiciendis et.', 'Della WehnerqwBPwv2zXH', '147', 14, 'pending', NULL, '2023-03-02 17:09:28', '2023-03-02 17:09:28'),
(249, 'Connor Krajcik', 'Dolorum quia animi assumenda voluptatem. Enim aliquid quidem nam minima reprehenderit omnis dolorem. Ut tempora similique soluta sed rem consequatur.', 'Miss Rossie Bode INiHBetr3xD', '167', 10, 'pending', NULL, '2023-03-02 17:09:28', '2023-03-02 17:09:28'),
(250, 'Dr. Ambrose Kuhic', 'Minima et alias error fuga nihil nihil. Eius id recusandae dicta ea et. Voluptas non ea ad qui. Quaerat quia explicabo et corporis eum in quasi.', 'Lawson Denesik IIc2lRbDcS3I', '138', 12, 'pending', NULL, '2023-03-02 17:09:28', '2023-03-02 17:09:28'),
(251, 'Jake Tremblay', 'Sint cumque asperiores corporis aut aspernatur debitis sunt. Reprehenderit error consequatur est provident quos aliquid aut.', 'Israel Krisuw2Hi72nAZ', '168', 12, 'pending', NULL, '2023-03-02 17:09:28', '2023-03-02 17:09:28'),
(252, 'Mr. Rigoberto Ferry', 'Voluptas ratione rerum est dignissimos voluptates ut. Similique sunt velit culpa sunt.', 'Kristin Crona DDS7qeEjLIELr', '164', 11, 'pending', NULL, '2023-03-02 17:09:28', '2023-03-02 17:09:28'),
(253, 'Dina Dibbert', 'Autem perspiciatis quos ex laudantium. Perferendis neque rerum iure qui ut facere sapiente.', 'Leann LindPQL0v1cDv7', '154', 11, 'pending', NULL, '2023-03-02 17:09:28', '2023-03-02 17:09:28'),
(254, 'Matilde Trantow II', 'Ex quam non eos sit non vel. Totam in qui qui voluptatem. Ullam odit enim omnis voluptates deleniti et modi animi.', 'Prof. Dante O\'ReillyUYNcfWnrgd', '120', 14, 'pending', NULL, '2023-03-02 17:09:28', '2023-03-02 17:09:28'),
(255, 'Prof. Michael Stoltenberg', 'Molestiae atque modi illum sit. Enim distinctio sed vel iure. Vero harum dolor earum et dicta a.', 'Dr. Terence Emard5Jmm85op0D', '103', 13, 'pending', NULL, '2023-03-02 17:09:28', '2023-03-02 17:09:28'),
(256, 'Carlotta Murphy', 'Vitae nam porro explicabo facilis itaque autem. Et vero ut voluptatem in qui. Iusto sint facilis rerum aut cum.', 'Rocky MertzS2pBCbBY6P', '129', 11, 'pending', NULL, '2023-03-02 17:09:51', '2023-03-02 17:09:51'),
(257, 'Katelyn Powlowski', 'Quibusdam neque nihil hic quia sint. Temporibus cum aliquid non voluptas aperiam dignissimos qui. Et impedit aut velit earum.', 'Claude BergstromjnDQT1ryD0', '153', 13, 'pending', NULL, '2023-03-02 17:09:51', '2023-03-02 17:09:51'),
(258, 'Stone Berge DDS', 'Dolor omnis voluptate rerum quos. Esse omnis voluptates aliquam tempore animi. Consequatur in natus minus. Alias quod voluptas consequatur.', 'Dr. Mackenzie VolkmanDfkEskNrFu', '128', 8, 'pending', NULL, '2023-03-02 17:09:51', '2023-03-02 17:09:51'),
(259, 'Dane Kling', 'Corrupti totam provident nemo repellat accusantium dolores. Et neque ullam beatae dolorum fuga nihil numquam pariatur.', 'Barbara FeestqU3nMHHN0f', '181', 5, 'pending', NULL, '2023-03-02 17:09:51', '2023-03-02 17:09:51'),
(260, 'Kamren Waelchi', 'Alias harum ullam nemo ea ut eaque ipsam. Reprehenderit excepturi dolores ut sed. Sunt qui numquam possimus quod.', 'Ima Kuphal83sSDvoAbE', '135', 7, 'pending', NULL, '2023-03-02 17:09:51', '2023-03-02 17:09:51'),
(261, 'Miss Kailyn Von', 'Est tempore quo magni quia et qui. Molestiae cumque numquam quia et sint voluptas laboriosam. Iste consequatur occaecati sit ea est distinctio.', 'Arnold JakubowskiqI0VAN9COm', '155', 9, 'pending', NULL, '2023-03-02 17:09:51', '2023-03-02 17:09:51'),
(262, 'Thurman Stokes', 'Laborum repudiandae voluptatem et quia. Quia at voluptatem incidunt officia impedit dignissimos. Ut occaecati autem cum quis.', 'Rebeka Kochu6stYW6YAR', '106', 13, 'pending', NULL, '2023-03-02 17:09:51', '2023-03-02 17:09:51'),
(263, 'Ms. Emmanuelle Leuschke Jr.', 'Doloribus id et suscipit. Velit qui labore voluptate unde consequuntur voluptate quod. Veniam saepe id quibusdam earum.', 'Trevion Lang MDJiQsjTqW95', '126', 10, 'pending', NULL, '2023-03-02 17:09:51', '2023-03-02 17:09:51'),
(264, 'Dr. Edgar Zboncak', 'Laudantium aliquid est molestiae tempore fugit qui non vel. Aut odio nemo provident accusantium.', 'Oma StantonUBuMdNkpTq', '116', 5, 'pending', NULL, '2023-03-02 17:09:51', '2023-03-02 17:09:51'),
(265, 'Sienna Collins', 'Voluptas est debitis porro. Qui explicabo praesentium sit dicta. Rem eos eos quas dolores neque laudantium.', 'Dr. Maverick Volkmano5lNcOk3vf', '165', 6, 'pending', NULL, '2023-03-02 17:09:51', '2023-03-02 17:09:51'),
(266, 'Dr. Scot Bednar', 'Facilis est illum modi itaque. Assumenda ea beatae et sed est eius. Ab voluptas voluptatem aut deleniti eligendi.', 'Weston AnkundinggCqYx4RlRV', '115', 7, 'pending', NULL, '2023-03-02 17:09:51', '2023-03-02 17:09:51'),
(267, 'Santina Cremin Sr.', 'Explicabo necessitatibus nihil minima quidem et. Ea esse omnis enim aut accusamus qui. Ratione laudantium sed enim dolor optio quis error.', 'Prof. Oswaldo Jakubowski IIIzjwuejn6ux', '171', 11, 'pending', NULL, '2023-03-02 17:09:51', '2023-03-02 17:09:51'),
(268, 'Dr. Allie Abernathy', 'Amet rerum esse impedit dicta sapiente ea. Exercitationem id minus unde et natus necessitatibus. Quos et maxime ducimus id est corrupti quos.', 'Dakota Jacobsv5UFo52ApU', '123', 14, 'pending', NULL, '2023-03-02 17:09:51', '2023-03-02 17:09:51'),
(269, 'Friedrich O\'Conner', 'Reprehenderit earum enim exercitationem sit. Nulla quia officiis nemo quis dolores et. Qui laborum doloremque iusto. Nulla iure est dolor at.', 'Horacio McKenzieeB5pfmaISg', '116', 11, 'pending', NULL, '2023-03-02 17:09:51', '2023-03-02 17:09:51'),
(270, 'Broderick Cummings', 'Necessitatibus autem pariatur rerum nostrum omnis. Et possimus nihil nemo veritatis dolores modi. Dolore iusto soluta sit dolores minus non dolores.', 'Aaliyah Jacobi Sr.egrfNJcMlw', '167', 14, 'pending', NULL, '2023-03-02 17:09:51', '2023-03-02 17:09:51'),
(271, 'Mrs. Pearl Pouros II', 'Architecto aspernatur itaque porro dolorem eligendi sed. Qui totam eaque quidem culpa quidem alias. Assumenda rerum cumque nam sed quidem ratione.', 'Mr. Matt DeckowYNhZUrc5HH', '178', 11, 'pending', NULL, '2023-03-02 17:11:04', '2023-03-02 17:11:04'),
(272, 'Carli Prosacco', 'Voluptatibus dolorem vitae ut aut inventore eveniet. Minima accusamus natus eos sapiente sint repellendus sequi recusandae.', 'Percival Senger IIIk85p7LCKtE', '196', 12, 'pending', NULL, '2023-03-02 17:11:04', '2023-03-02 17:11:04'),
(273, 'Mr. Drake Schneider PhD', 'Quasi ex aut aliquid placeat beatae rerum. Ut illum nobis repellat adipisci nesciunt. Eos voluptates est id distinctio nemo enim placeat.', 'Colby ConsidineR5Q947Unvu', '156', 8, 'pending', NULL, '2023-03-02 17:11:04', '2023-03-02 17:11:04'),
(274, 'Cornell Lowe', 'Qui qui iure rerum unde exercitationem omnis. Nemo nam rerum doloribus accusamus nesciunt suscipit.', 'Dr. Isac BeattyAcMfcX3ObN', '185', 5, 'pending', NULL, '2023-03-02 17:11:04', '2023-03-02 17:11:04'),
(275, 'Deangelo Wolf', 'Iste aut veniam aliquam consequatur cumque. Officia minima earum non illo illum dolores. Ut ut necessitatibus dolor sunt nulla enim dignissimos.', 'Glenna SteubertRJLsXO4EX', '109', 5, 'pending', NULL, '2023-03-02 17:11:04', '2023-03-02 17:11:04'),
(276, 'Tanner Ortiz', 'Ex temporibus qui dolores iste rem ut et. Delectus tempora et est minima quam et nam quisquam. Veniam cum eos officiis commodi.', 'Verner LangworthVUUbLcLfAT', '153', 12, 'pending', NULL, '2023-03-02 17:11:04', '2023-03-02 17:11:04'),
(277, 'Alyce Schamberger', 'Voluptatum rem voluptatem non sed et. Necessitatibus quia est officiis alias aut enim optio. Quo modi neque et fugiat et qui officiis ut.', 'Amaya Ebert3b5bEVogNI', '139', 13, 'pending', NULL, '2023-03-02 17:11:04', '2023-03-02 17:11:04'),
(278, 'Haleigh Nicolas', 'Sunt et odio est odit. Illo et voluptatem qui in. Consequatur quibusdam vero et doloribus sed. Et soluta dolor non sunt.', 'Meredith MantemQmjcn6Xm4', '165', 15, 'pending', NULL, '2023-03-02 17:11:04', '2023-03-02 17:11:04'),
(279, 'Cali Gulgowski', 'Tempore sequi minus corporis tempora consequuntur. Eligendi quibusdam alias reprehenderit ut omnis. Quisquam maiores dolores ut et sequi.', 'Winfield TreutelYWPe0fBJpn', '165', 15, 'pending', NULL, '2023-03-02 17:11:04', '2023-03-02 17:11:04'),
(280, 'Janice Wisoky', 'Et deserunt tempore qui alias. Perspiciatis corporis quibusdam molestiae architecto. Assumenda assumenda architecto velit in.', 'Walton Huel IVoFTrQ1gckz', '145', 5, 'pending', NULL, '2023-03-02 17:11:04', '2023-03-02 17:11:04'),
(281, 'Corbin Jones', 'Eius ea omnis reprehenderit doloremque nobis recusandae. Quae vitae soluta repudiandae minima minus delectus reiciendis.', 'Nathanial O\'Connell VNVVt4WmDuw', '142', 5, 'pending', NULL, '2023-03-02 17:11:04', '2023-03-02 17:11:04'),
(282, 'Lenore Mueller Sr.', 'Deleniti porro libero eaque sed aut. Earum ab qui dignissimos quos sit. Maxime facilis voluptas doloremque non necessitatibus a eos.', 'Thurman SchaeferXaAk9PkKub', '106', 8, 'pending', NULL, '2023-03-02 17:11:04', '2023-03-02 17:11:04'),
(283, 'Reid Hayes', 'Minima natus ut cumque sed numquam. Perferendis quisquam quia voluptatem eaque. Quia perferendis sequi deserunt vel fuga sit. Neque rerum ipsam sed.', 'Robert ProsaccoGhj7jCrE7Q', '187', 8, 'pending', NULL, '2023-03-02 17:11:04', '2023-03-02 17:11:04'),
(284, 'Mr. Friedrich Mitchell', 'Dolores enim eveniet est sed ut. Nesciunt dolor ut illum ex eum. At sed repudiandae cum aperiam laudantium ut. Minima atque ut dolor sint eveniet.', 'Pearl Tremblay IV4nmVIoBdib', '190', 14, 'pending', NULL, '2023-03-02 17:11:04', '2023-03-02 17:11:04'),
(285, 'Jada Hyatt IV', 'Eveniet nostrum perspiciatis quia est. Soluta mollitia ut suscipit aut quia.', 'Kira Wolf4BI1yjDkqE', '107', 13, 'pending', NULL, '2023-03-02 17:11:04', '2023-03-02 17:11:04'),
(286, 'Dell Ullrich', 'Ut aut et eum. Eos fugit voluptatem error molestias ipsam velit. Aut quaerat eveniet quibusdam reiciendis quis dolore.', 'Bradley Zulauf5CNF9KVv73', '152', 15, 'pending', NULL, '2023-03-02 17:11:24', '2023-03-02 17:11:24'),
(287, 'Emelie Kerluke', 'Totam sit reiciendis sit ut eum maiores. Et qui nihil rerum sapiente culpa. Voluptatem eos nulla distinctio et earum laudantium doloribus.', 'Erika Bauch7pVRjUVkvY', '165', 13, 'pending', NULL, '2023-03-02 17:11:24', '2023-03-02 17:11:24'),
(288, 'Araceli Roob', 'Similique itaque eum voluptatem ratione. Error neque dolores pariatur eum quasi autem. Mollitia eligendi aut id mollitia quas omnis enim.', 'Garrison RunteBuvEYGdwq7', '146', 10, 'pending', NULL, '2023-03-02 17:11:24', '2023-03-02 17:11:24'),
(289, 'Marvin Morar', 'Dolores rem delectus doloremque ad veniam. Cupiditate voluptatem sint eum autem voluptate libero et. Autem sint nihil facilis.', 'Jett HarrisgSBio5D9kV', '104', 5, 'pending', NULL, '2023-03-02 17:11:24', '2023-03-02 17:11:24'),
(290, 'Jacquelyn Lynch', 'Dolorum ex sed voluptatibus et aspernatur voluptas qui. Dolor voluptatum qui ut officiis. Iure unde omnis est totam.', 'Rachelle Schimmel MD45BYIXYKqD', '152', 10, 'pending', NULL, '2023-03-02 17:11:24', '2023-03-02 17:11:24'),
(291, 'Prof. Yadira Ruecker III', 'Totam rerum asperiores vitae labore et officiis. Eos nesciunt rerum corporis eius. Aut fugiat et sit vitae a repellendus nihil.', 'Faustino RoweHhzUSki9uX', '169', 5, 'pending', NULL, '2023-03-02 17:11:24', '2023-03-02 17:11:24'),
(292, 'Prof. Juston Steuber II', 'Accusamus vel qui non rem corporis. Sint doloribus et corrupti ipsam.', 'Dr. Layla Rodriguez MDuTalwxoog5', '182', 5, 'pending', NULL, '2023-03-02 17:11:24', '2023-03-02 17:11:24'),
(293, 'Prof. D\'angelo Lowe DDS', 'Numquam nulla vitae molestiae omnis ullam adipisci accusantium saepe. Cupiditate esse esse non mollitia qui voluptas et. Non eum nam non quis.', 'Krystina FarrellJ1keYJ5lND', '118', 9, 'pending', NULL, '2023-03-02 17:11:24', '2023-03-02 17:11:24'),
(294, 'Ms. Alisha Greenholt', 'Id commodi et consequatur id quis ut. Dolorem nam aliquid enim qui. Facere eos aut necessitatibus ut veritatis doloribus nostrum omnis.', 'Adam GreenkoUnFphpJI', '101', 5, 'pending', NULL, '2023-03-02 17:11:24', '2023-03-02 17:11:24'),
(295, 'Antonetta Stroman', 'Dolorem eveniet qui enim id quas ipsam. Nulla et quae voluptas voluptatem. Omnis rerum nemo ut nemo. Rerum velit doloribus optio est.', 'Christophe Stoltenberg Sr.O3BgKr7cso', '103', 13, 'pending', NULL, '2023-03-02 17:11:24', '2023-03-02 17:11:24'),
(296, 'Prof. Leonel Hintz', 'Animi et suscipit tempora veritatis eveniet laboriosam. Repudiandae deleniti sequi recusandae rerum. Suscipit accusantium quod facilis doloremque.', 'Cole SchmidtCQSv0OYt8E', '117', 7, 'pending', NULL, '2023-03-02 17:11:24', '2023-03-02 17:11:24'),
(297, 'Keaton Gerlach', 'Est id accusantium ut at sapiente. Omnis iste repellendus expedita et sunt. Odio est id et.', 'Mrs. Raphaelle Jacobson Jr.MZ41xOxjBV', '199', 12, 'pending', NULL, '2023-03-02 17:11:24', '2023-03-02 17:11:24'),
(298, 'Alan Heller', 'Illum mollitia rerum odio sed praesentium magni omnis eveniet. Autem quia porro culpa dolorem suscipit maiores officia. Iusto qui rerum natus id nam.', 'Karolann LubowitzM8JsTeoj9S', '164', 6, 'pending', NULL, '2023-03-02 17:11:24', '2023-03-02 17:11:24'),
(299, 'Dr. Aaliyah Koss DVM', 'Mollitia aut molestiae illo harum accusantium eaque. Et veniam ex quas ullam distinctio. Provident sunt quidem et ut.', 'Aubrey Koepp IIIuoeAygKVLd', '180', 6, 'pending', NULL, '2023-03-02 17:11:24', '2023-03-02 17:11:24'),
(300, 'Prof. Sandrine Schimmel', 'Omnis voluptate voluptates velit inventore inventore. Ad ipsa molestias quo ex. Saepe at possimus accusamus dolor voluptatem ipsam perferendis.', 'Cristobal ZiemeZEHsWMCdqu', '155', 15, 'pending', NULL, '2023-03-02 17:11:24', '2023-03-02 17:11:24'),
(301, 'test1', 'this is a test', 'MOSBATtest1', '100', 10, 'pending', NULL, '2023-03-03 03:24:07', '2023-03-03 03:24:07'),
(302, 'test2', 'this is a test', 'MOSBATtest2', '100', 10, 'pending', NULL, NULL, NULL),
(303, 'test3', 'this is a test', 'MOSBATtest3', '100', 10, 'pending', NULL, NULL, NULL),
(304, 'test5', 'this is a test', 'MOSBATtest5', '100', 10, 'pending', NULL, NULL, NULL),
(305, 'test6', 'this is a test', 'MOSBATtest6', '100', 10, 'pending', NULL, NULL, NULL),
(306, 'test7', 'this is a test', 'MOSBATtest7', '100', 10, 'pending', NULL, NULL, NULL),
(307, 'test8', 'this is a test', 'MOSBATtest8', '100', 10, 'pending', NULL, NULL, NULL),
(308, 'test9', 'this is a test', 'MOSBATtest9', '100', 10, 'pending', NULL, NULL, NULL),
(310, 'Melisa Nitzsche', 'Autem dolores in aliquid voluptas. Beatae non necessitatibus quo minima doloribus ullam. Quo et nobis quam aut. Qui deserunt hic tempora molestias.', 'Frederic BradtkeTe8IPuFdfm', '191', 8, 'pending', NULL, '2023-03-04 05:15:08', '2023-03-04 05:15:08'),
(311, 'Brown Schaefer', 'Exercitationem aliquam eligendi amet cupiditate. Animi adipisci facilis ex. Accusantium incidunt enim sequi quaerat eum officia aliquam ea.', 'Daphnee DoyleGTXI2r3F8Q', '176', 15, 'pending', NULL, '2023-03-04 05:15:08', '2023-03-04 05:15:08'),
(312, 'Tiffany Kling', 'Sunt illum autem laudantium ut doloribus assumenda aut. Est ea nihil quas est voluptatum natus non.', 'Mrs. Julianne Ratke Sr.2EXkCwD8yL', '156', 14, 'pending', NULL, '2023-03-04 05:15:08', '2023-03-04 05:15:08'),
(313, 'Dora Pfeffer', 'Asperiores odio rerum nisi libero deserunt cum error. Dolorem commodi sapiente commodi quia. Odit eligendi aut quae. Quisquam sed et impedit.', 'Elta ColeosYhCzWBCD', '153', 9, 'pending', NULL, '2023-03-04 05:15:08', '2023-03-04 05:15:08'),
(314, 'Prof. Queen Hermiston', 'Atque earum cum a nam omnis et dicta dolor. Est vel dolor qui neque ducimus rerum aut impedit. Et neque aliquam molestiae id quas necessitatibus.', 'Reagan GutmannXG05bRx5H5', '195', 13, 'pending', NULL, '2023-03-04 05:15:08', '2023-03-04 05:15:08'),
(315, 'Prof. Julia Lueilwitz', 'Accusantium explicabo totam sint incidunt autem nemo dolore. Veniam tenetur voluptatibus vel asperiores illum dolor.', 'Clement Bergnaum IIIN0jCPKVFCS', '200', 7, 'pending', NULL, '2023-03-04 05:15:08', '2023-03-04 05:15:08'),
(316, 'Karine Steuber', 'Nostrum autem sed aut sit accusamus. Provident ut aut quibusdam molestiae minus similique. Nulla omnis doloribus deserunt nemo veritatis consequatur.', 'Lauretta PricecmrJv51CXe', '173', 14, 'pending', NULL, '2023-03-04 05:15:08', '2023-03-04 05:15:08'),
(317, 'Lyric Keebler', 'Minus mollitia eaque ut animi sit dolor. Facilis et eum et vitae. Minima vel ex eos fugit dolore.', 'Prof. Alessandra Keebler0czn6W7yKb', '161', 8, 'pending', NULL, '2023-03-04 05:15:08', '2023-03-04 05:15:08'),
(318, 'Alec Auer V', 'Voluptatem fuga qui sunt accusamus. Temporibus officia a eius. Sit maxime veritatis iste impedit totam doloremque ea ut.', 'Ms. Thora Adams IVf9uB2cWKNA', '159', 14, 'pending', NULL, '2023-03-04 05:15:08', '2023-03-04 05:15:08'),
(319, 'Prof. Leland Bergstrom V', 'Quo et voluptatem facere sint vitae. Inventore aut totam sit doloremque iste sit autem. Et id nesciunt rem.', 'Ms. Skyla Dach Sr.f5V2kIZj0J', '174', 7, 'pending', NULL, '2023-03-04 05:15:08', '2023-03-04 05:15:08'),
(320, 'Kelsi Lebsack', 'Saepe dolorem aut impedit numquam omnis. Voluptas in laborum quaerat ad porro tenetur. Soluta inventore neque et optio.', 'America KesslerBGx2ZYmqgG', '175', 15, 'pending', NULL, '2023-03-04 05:15:08', '2023-03-04 05:15:08'),
(321, 'Julio Hane', 'Aut sit quis est exercitationem sunt aliquam. Sed officiis ipsam dolorem qui perspiciatis corrupti. Error animi dignissimos ut quo ducimus saepe.', 'Domenica Crona Jr.L8KpZ1xNEW', '129', 12, 'pending', NULL, '2023-03-04 05:15:08', '2023-03-04 05:15:08'),
(322, 'Dr. Jacey Robel PhD', 'Eos dolores earum autem. Vel suscipit maiores et eos doloremque omnis.', 'Ms. Rosalee Considine DDSwaEk4KygER', '118', 13, 'pending', NULL, '2023-03-04 05:15:08', '2023-03-04 05:15:08'),
(323, 'Keon Yost', 'Velit error similique voluptatem suscipit modi soluta. Sint est vitae quasi iure. Ut nemo commodi voluptas eaque.', 'Gene Gislason Jr.6ahpF65Tme', '155', 5, 'pending', NULL, '2023-03-04 05:15:08', '2023-03-04 05:15:08'),
(324, 'testUnit 1', 'this is a test unit', 'MOSBATtestUnit 1', '2', 5, 'pending', NULL, NULL, NULL),
(325, 'testUnit 14', 'this is a test unit', 'MOSBATtestUnit 14', '2', 5, 'pending', NULL, NULL, NULL),
(326, 'testUnit 144', 'this is a test unit', 'MOSBATtestUnit 144', '2', 5, 'pending', NULL, NULL, NULL),
(327, 'testUnit 1444', 'this is a test unit', 'MOSBATtestUnit 1444', '2', 5, 'pending', NULL, NULL, NULL),
(328, 'testUnit product', 'this is a test unit', 'MOSBATtestUnit product', '2', 5, 'pending', NULL, NULL, NULL);

-- --------------------------------------------------------

--
-- Table structure for table `roles`
--

DROP TABLE IF EXISTS `roles`;
CREATE TABLE IF NOT EXISTS `roles` (
  `id` bigint UNSIGNED NOT NULL AUTO_INCREMENT,
  `name` varchar(125) COLLATE utf8mb4_unicode_ci NOT NULL,
  `guard_name` varchar(125) COLLATE utf8mb4_unicode_ci NOT NULL,
  `created_at` timestamp NULL DEFAULT NULL,
  `updated_at` timestamp NULL DEFAULT NULL,
  PRIMARY KEY (`id`),
  UNIQUE KEY `roles_name_guard_name_unique` (`name`,`guard_name`)
) ENGINE=MyISAM AUTO_INCREMENT=10 DEFAULT CHARSET=utf8mb4 COLLATE=utf8mb4_unicode_ci;

--
-- Dumping data for table `roles`
--

INSERT INTO `roles` (`id`, `name`, `guard_name`, `created_at`, `updated_at`) VALUES
(8, 'user', 'api', '2023-03-04 05:20:01', '2023-03-04 05:20:01'),
(7, 'admin', 'api', '2023-03-04 05:20:01', '2023-03-04 05:20:01'),
(9, 'writer', 'api', '2023-03-04 14:35:33', '2023-03-04 14:35:33');

-- --------------------------------------------------------

--
-- Table structure for table `role_has_permissions`
--

DROP TABLE IF EXISTS `role_has_permissions`;
CREATE TABLE IF NOT EXISTS `role_has_permissions` (
  `permission_id` bigint UNSIGNED NOT NULL,
  `role_id` bigint UNSIGNED NOT NULL,
  PRIMARY KEY (`permission_id`,`role_id`),
  KEY `role_has_permissions_role_id_foreign` (`role_id`)
) ENGINE=MyISAM DEFAULT CHARSET=utf8mb4 COLLATE=utf8mb4_unicode_ci;

--
-- Dumping data for table `role_has_permissions`
--

INSERT INTO `role_has_permissions` (`permission_id`, `role_id`) VALUES
(497, 7),
(498, 7),
(499, 7),
(500, 7),
(501, 7),
(502, 7),
(503, 7),
(504, 7),
(505, 7),
(506, 7),
(507, 7),
(508, 7),
(509, 7),
(510, 7),
(511, 7),
(512, 7),
(513, 7),
(514, 7),
(515, 7),
(516, 7),
(517, 7),
(518, 7),
(519, 7),
(520, 7),
(521, 7),
(522, 7),
(523, 7),
(524, 7),
(525, 7),
(526, 7),
(527, 7),
(528, 7),
(529, 7),
(530, 7),
(531, 7),
(532, 7),
(533, 7);

-- --------------------------------------------------------

--
-- Table structure for table `users`
--

DROP TABLE IF EXISTS `users`;
CREATE TABLE IF NOT EXISTS `users` (
  `id` bigint UNSIGNED NOT NULL AUTO_INCREMENT,
  `name` varchar(125) COLLATE utf8mb4_unicode_ci NOT NULL,
  `type` varchar(50) COLLATE utf8mb4_unicode_ci NOT NULL DEFAULT 'user',
  `email` varchar(125) COLLATE utf8mb4_unicode_ci NOT NULL,
  `email_verified_at` timestamp NULL DEFAULT NULL,
  `password` varchar(125) COLLATE utf8mb4_unicode_ci NOT NULL,
  `remember_token` varchar(100) COLLATE utf8mb4_unicode_ci DEFAULT NULL,
  `created_at` timestamp NULL DEFAULT NULL,
  `updated_at` timestamp NULL DEFAULT NULL,
  PRIMARY KEY (`id`),
  UNIQUE KEY `users_email_unique` (`email`)
) ENGINE=MyISAM AUTO_INCREMENT=57 DEFAULT CHARSET=utf8mb4 COLLATE=utf8mb4_unicode_ci;

--
-- Dumping data for table `users`
--

INSERT INTO `users` (`id`, `name`, `type`, `email`, `email_verified_at`, `password`, `remember_token`, `created_at`, `updated_at`) VALUES
(47, 'admin', 'admin', 'admin@gmail.com', NULL, '$2y$10$eBgEX1M3ub6eGY2YonZW.uATjz4ZFqGu4Un76ZcgAOwwf.9tZuPu6', NULL, '2023-03-04 13:48:49', '2023-03-04 13:48:49'),
(50, 'azam', 'user', 'azam@gmail.com', NULL, '$2y$10$f8XnTKV/aGflhYkp0E.bjOaaz29GtRrxVMlcdUEEnKtiee5z4WGT2', NULL, '2023-03-04 15:48:53', '2023-03-04 15:48:53'),
(51, 'azamR', 'user', 'azamR@gmail.com', NULL, '$2y$10$ZVOc/bzYlezNh6aVEtJGLOd.iGskcQk8kTvvhNfJ/DQuOx7s0sJZW', NULL, '2023-03-04 18:11:35', '2023-03-04 18:11:35'),
(52, 'admin2', 'user', 'admin2@gmail.com', NULL, '$2y$04$g6xLIpr29jbOROi9pZxsYetrzg8iNgi9NXOUWRlD38P8vZiTcDcsu', NULL, '2023-03-04 19:33:41', '2023-03-04 19:33:41'),
(53, 'admin2', 'user', 'admind2@gmail.com', NULL, '$2y$04$ZlnFdEcWsPdI.lg34C/36ejOGHRUfKi2Xvly9CYL193vGAJRCJJTa', NULL, '2023-03-04 19:35:19', '2023-03-04 19:35:19'),
(54, 'admin2', 'user', 'adminddd2@gmail.com', NULL, '$2y$04$bWzSvlnVVzDNEbZQbMjHkeDZpFhitC7WgyiAShBg2aIckE5aqrjiu', NULL, '2023-03-04 19:38:22', '2023-03-04 19:38:22'),
(55, 'admin2', 'user', 'admindssdd2@gmail.com', NULL, '$2y$04$sOIw2YiAWtE9BC3o27TCYuJyq0SBR1irbl3eTd/s.QQ4peC7/G62O', NULL, '2023-03-04 19:39:20', '2023-03-04 19:39:20'),
(56, 'admin136', 'user', 'admin136@gmail.com', NULL, '$2y$04$cno1521mQmE3SUSUjrX8CeoHFoH/YrDIFRJelX158BTOE2SbsYFBq', NULL, '2023-03-04 20:27:00', '2023-03-04 20:27:00');
COMMIT;

/*!40101 SET CHARACTER_SET_CLIENT=@OLD_CHARACTER_SET_CLIENT */;
/*!40101 SET CHARACTER_SET_RESULTS=@OLD_CHARACTER_SET_RESULTS */;
/*!40101 SET COLLATION_CONNECTION=@OLD_COLLATION_CONNECTION */;
